Order_ID;Order_Date;Customer_Name;Customer_Segment;Country;Region;Product_Category;Product_Name;Quantity;Unit_Price;Discount_Percent;Total_Sales;Shipping_Cost;Profit;Payment_Method;Corrected_Total_sales;;;
ORD-10075;16/04/2024;Michael Ferrari;Corporate;South Africa;Middle East & Africa;Office Supplies;Whiteboard Markers Set 8;1;95;5;903;1301;-826;Bank Transfer;90,25;;;
ORD-10412;06/10/2024;Nadia Taylor;Corporate;South Africa;Middle East & Africa;Office Supplies;Paper Clips Box 500pc;3;59;5;1682;1521;-636;Cash on Delivery;168,15;;;
ORD-10753;10/11/2023;Emma Jackson;Consumer;United States;North America;Technology;Noise Cancelling Earbuds;1;1873;5;17794;698;6794;Credit Card;1779,35;;;
ORD-11654;29/07/2024;Christopher Schmidt;Consumer;Canada;North America;Furniture;Mesh Back Task Chair;1;2645;25;19838;724;3244;Credit Card;1983,75;;;
ORD-11340;19/06/2024;Carlos Thompson;Consumer;Argentina;South America;Technology;Wireless Bluetooth Headphones;1;2143;5;20359;1122;745;Credit Card;2035,85;;;
ORD-10033;23/06/2025;Olga Johansson;Corporate;Australia;Asia Pacific;Furniture;Filing Cabinet 3-Drawer;5;1669;25;62588;1886;10632;PayPal;6258,75;;;
ORD-11651;03/10/2023;Hanna Yamamoto;Consumer;Japan;Asia Pacific;Furniture;Ergonomic Office Chair;6;2418;5;137826;2207;48571;Cash on Delivery;13782,6;;;
ORD-10339;14/01/2023;Susan Davis;Home Office;Australia;Asia Pacific;Furniture;Ergonomic Office Chair;2;4468;5;84892;1359;29917;Cash on Delivery;8489,2;;;
ORD-10605;02/03/2023;Yuki Patel;Corporate;Japan;Asia Pacific;Technology;Mechanical Gaming Keyboard;4;1651;5;62738;1544;24872;Credit Card;6273,8;;;
ORD-11753;16/09/2025;Christopher Rodriguez;Consumer;Spain;Europe;Technology;Noise Cancelling Earbuds;2;1956;5;37164;82;14828;PayPal;3716,4;;;
ORD-10606;09/10/2023;Robert Taylor;Home Office;Brazil;South America;Furniture;Standing Desk Converter;1;1846;5;17537;1124;5337;Credit Card;1753,7;;;
ORD-10987;22/03/2025;Patricia Wang;Corporate;Germany;Europe;Furniture;Floating Wall Shelves Set;2;788;5;14972;1119;4397;PayPal;1497,2;;;
ORD-11472;22/02/2025;Amir Taylor;Consumer;France;Europe;Technology;Mechanical Gaming Keyboard;1;1462;5;13889;789;5059;Cash on Delivery;1388,9;;;
ORD-10837;19/02/2023;Jamal Zhang;Consumer;Nigeria;Middle East & Africa;Clothing & Accessories;Leather Belt Classic;3;356;5;10146;1503;3303;Credit Card;1014,6;;;
ORD-11745;28/09/2023;John Patel;Consumer;Japan;Asia Pacific;Clothing & Accessories;Canvas Messenger Bag;4;262;5;9956;1725;2991;Credit Card;995,6;;;
ORD-11728;02/11/2023;Ahmed Pereira;Consumer;India;Asia Pacific;Technology;Tablet Stand Holder;2;348;5;6612;1005;1779;Cash on Delivery;661,2;;;
ORD-11192;17/10/2025;Giulia Oliveira;Corporate;Italy;Europe;Clothing & Accessories;Silk Tie Collection;2;316;15;5372;1011;1201;Credit Card;537,2;;;
ORD-11326;28/03/2024;Patricia Rossi;Consumer;Argentina;South America;Furniture;Folding Table Portable;1;426;15;3621;1124;-59;Bank Transfer;362,1;;;
ORD-11641;07/12/2023;Raj Khan;Home Office;United States;North America;Office Supplies;Ballpoint Pen Pack 12;1;96;5;912;552;-72;Credit Card;91,2;;;
ORD-11382;18/06/2025;Ivan Santos;Corporate;Canada;North America;Furniture;Ergonomic Office Chair;7;4224;30;206976;1551;28017;PayPal;20697,6;;;
ORD-10330;17/04/2023;Ahmed Miller;Consumer;France;Europe;Technology;Wireless Bluetooth Headphones;6;2099;5;119643;172;48656;Credit Card;11964,3;;;
ORD-11218;05/02/2023;Lucas Sharma;Consumer;Brazil;South America;Clothing & Accessories;Business Casual Blazer;10;1387;15;117895;1736;46809;Credit Card;11789,5;;;
ORD-10618;08/05/2025;Isabella Nilsson;Corporate;Germany;Europe;Furniture;Mesh Back Task Chair;4;2502;5;95076;137;33658;PayPal;9507,6;;;
ORD-10858;03/11/2025;Hans Sato;Corporate;Spain;Europe;Technology;Wireless Bluetooth Headphones;5;2486;25;93225;1713;23147;Bank Transfer;9322,5;;;
ORD-11886;13/01/2023;Christopher Johansson;Consumer;Nigeria;Middle East & Africa;Furniture;Corner L-Shaped Desk;3;3586;15;91443;1474;25421;Cash on Delivery;9144,3;;;
ORD-10871;11/10/2024;Nadia Wang;Consumer;Spain;Europe;Furniture;Folding Table Portable;9;1158;20;83376;265;18194;Bank Transfer;8337,6;;;
ORD-10421;03/10/2023;Noah Johansson;Home Office;Italy;Europe;Furniture;Corner L-Shaped Desk;2;3991;5;75829;103;26907;PayPal;7582,9;;;
ORD-11497;29/11/2023;Sarah Khan;Consumer;Spain;Europe;Furniture;Filing Cabinet 3-Drawer;4;1824;10;65664;907;20981;PayPal;6566,4;;;
ORD-11140;29/08/2025;Jennifer Robinson;Consumer;United Kingdom;Europe;Clothing & Accessories;Polarized Sunglasses;8;756;10;54432;147;22722;Credit Card;5443,2;;;
ORD-11776;16/05/2023;Jennifer Costa;Consumer;Mexico;North America;Furniture;Standing Desk Converter;3;1801;10;48627;831;15378;PayPal;4862,7;;;
ORD-10997;05/10/2023;Felix Kim;Corporate;Canada;North America;Furniture;Filing Cabinet 3-Drawer;4;1298;10;46728;1002;14574;PayPal;4672,8;;;
ORD-10992;26/11/2023;Linda Kumar;Consumer;Mexico;North America;Furniture;Folding Table Portable;6;907;20;43536;1026;9858;PayPal;4353,6;;;
ORD-11458;12/05/2023;Barbara Sharma;Corporate;France;Europe;Furniture;Filing Cabinet 3-Drawer;2;2489;20;39824;823;9133;Credit Card;3982,4;;;
ORD-11663;24/12/2023;Olivia Patel;Home Office;France;Europe;Technology;Portable External SSD 1TB;5;811;10;36495;1785;12407;Credit Card;3649,5;;;
ORD-11685;03/09/2023;John Laurent;Consumer;Mexico;North America;Furniture;Bookshelf 5-Tier;2;1992;10;35856;953;10999;Credit Card;3585,6;;;
ORD-10164;27/08/2025;Hanna Sato;Consumer;Spain;Europe;Technology;Mechanical Gaming Keyboard;4;891;15;30294;1632;906;PayPal;3029,4;;;
ORD-10552;26/09/2025;Zara Williams;Consumer;Spain;Europe;Technology;Wireless Bluetooth Headphones;2;1533;5;29127;825;11439;Cash on Delivery;2912,7;;;
ORD-10396;18/05/2024;John Laurent;Consumer;United Kingdom;Europe;Furniture;Mesh Back Task Chair;1;2966;5;28177;903;9478;Cash on Delivery;2817,7;;;
ORD-10998;18/09/2024;Diego Miller;Consumer;Italy;Europe;Furniture;Monitor Riser Wood;4;674;5;25612;933;8503;Cash on Delivery;2561,2;;;
ORD-10014;07/11/2024;Elizabeth Wang;Corporate;United States;North America;Technology;Mechanical Gaming Keyboard;3;862;10;23274;1084;7967;Cash on Delivery;2327,4;;;
ORD-11496;10/02/2025;Robert Wang;Home Office;Canada;North America;Clothing & Accessories;Polarized Sunglasses;5;511;10;22995;1104;9116;Bank Transfer;2299,5;;;
ORD-11593;27/10/2025;Pierre Weber;Consumer;South Korea;Asia Pacific;Technology;Wireless Bluetooth Headphones;1;2499;10;22491;106;7686;PayPal;2249,1;;;
ORD-11179;17/03/2024;Noah Müller;Consumer;Colombia;South America;Furniture;Folding Table Portable;2;1153;5;21907;1343;6728;Cash on Delivery;2190,7;;;
ORD-10013;25/11/2025;Layla Yamamoto;Home Office;Australia;Asia Pacific;Furniture;Filing Cabinet 3-Drawer;2;1182;10;21276;1092;600;Credit Card;2127,6;;;
ORD-11922;20/02/2023;Sophie Park;Consumer;Mexico;North America;Clothing & Accessories;Leather Belt Classic;4;544;5;20672;753;9039;Cash on Delivery;2067,2;;;
ORD-10641;10/07/2024;Sophie Clark;Consumer;Germany;Europe;Clothing & Accessories;Leather Wallet Minimalist;11;190;5;19855;1619;7786;PayPal;1985,5;;;
ORD-11098;16/07/2023;David Thompson;Consumer;Germany;Europe;Clothing & Accessories;Polarized Sunglasses;7;307;10;19341;1064;7532;Credit Card;1934,1;;;
ORD-11878;14/06/2025;Sophie Chen;Corporate;Canada;North America;Furniture;Floating Wall Shelves Set;2;896;5;17024;988;5284;Bank Transfer;1702,4;;;
ORD-11814;30/12/2025;Jennifer Oliveira;Consumer;India;Asia Pacific;Furniture;Filing Cabinet 3-Drawer;1;1779;10;16011;1023;4314;PayPal;1601,1;;;
ORD-11477;23/12/2024;Karen Romano;Consumer;Canada;North America;Furniture;Folding Table Portable;2;762;5;14478;888;4446;Credit Card;1447,8;;;
ORD-11679;25/10/2025;Elizabeth Schmidt;Corporate;Canada;North America;Clothing & Accessories;Business Casual Blazer;2;825;15;14025;865;491;PayPal;1402,5;;;
ORD-10586;13/07/2024;Olivia Patel;Consumer;Australia;Asia Pacific;Technology;Webcam HD 1080p;3;505;10;13635;106;4242;PayPal;1363,5;;;
ORD-11414;05/05/2024;Amir Yamamoto;Consumer;United Kingdom;Europe;Technology;Portable External SSD 1TB;2;723;10;13014;1195;3866;Credit Card;1301,4;;;
ORD-10513;02/07/2024;Maria Rossi;Consumer;Australia;Asia Pacific;Clothing & Accessories;Sports Water Bottle 750ml;6;258;20;12384;2322;2322;Bank Transfer;1238,4;;;
ORD-10212;27/06/2023;Karen Sato;Corporate;Germany;Europe;Clothing & Accessories;Leather Belt Classic;3;451;10;12177;1428;3984;Credit Card;1217,7;;;
ORD-11405;03/05/2025;Layla Ferrari;Corporate;South Korea;Asia Pacific;Furniture;Monitor Riser Wood;2;606;10;10908;1052;2584;Credit Card;1090,8;;;
ORD-10131;16/07/2024;Ali Oliveira;Consumer;Mexico;North America;Technology;Portable External SSD 1TB;1;1153;10;10377;668;3367;PayPal;1037,7;;;
ORD-10324;09/05/2025;Nadia Rodriguez;Consumer;Mexico;North America;Clothing & Accessories;Travel Backpack 30L;3;377;10;10179;673;3851;Bank Transfer;1017,9;;;
ORD-11307;22/06/2023;William Clark;Corporate;Mexico;North America;Clothing & Accessories;Sports Water Bottle 750ml;4;276;10;9936;1333;3083;PayPal;993,6;;;
ORD-10470;16/05/2025;Hans Khan;Consumer;Mexico;North America;Technology;Laptop Stand Adjustable;2;455;5;8645;932;2708;PayPal;864,5;;;
ORD-10981;09/10/2025;Sophie Leroy;Consumer;Brazil;South America;Technology;Mechanical Gaming Keyboard;1;819;10;7371;1093;1773;Credit Card;737,1;;;
ORD-10653;22/09/2025;Amir Ferrari;Corporate;Argentina;South America;Furniture;Desk Organizer Set;2;422;15;7174;1237;873;Credit Card;717,4;;;
ORD-10224;17/05/2024;Sophie Schmidt;Consumer;Brazil;South America;Technology;Smart LED Desk Lamp;3;262;10;7074;1566;1185;Credit Card;707,4;;;
ORD-11027;13/04/2025;Amir Ali;Consumer;Italy;Europe;Office Supplies;Desk Calendar 2025;4;192;10;6912;1291;2165;Credit Card;691,2;;;
ORD-10174;06/09/2024;Clara Schmidt;Corporate;Brazil;South America;Office Supplies;Ballpoint Pen Pack 12;6;135;15;6885;1412;1828;Credit Card;688,5;;;
ORD-11999;25/04/2024;Linda Sato;Corporate;Mexico;North America;Furniture;Monitor Riser Wood;1;746;10;6714;68;1558;Credit Card;671,4;;;
ORD-10704;31/03/2025;Fatima Müller;Corporate;Italy;Europe;Technology;Wireless Bluetooth Headphones;1;778;15;6613;926;1408;Bank Transfer;661,3;;;
ORD-11132;24/08/2024;Jamal Nilsson;Consumer;Argentina;South America;Office Supplies;Binder Clips Assorted 48pc;8;96;15;6528;2755;317;PayPal;652,8;;;
ORD-10081;08/05/2025;Sarah Tanaka;Consumer;South Korea;Asia Pacific;Office Supplies;Desk Calendar 2025;4;184;15;6256;1593;1351;Cash on Delivery;625,6;;;
ORD-11425;25/06/2025;Li Harris;Consumer;Mexico;North America;Technology;Tablet Stand Holder;3;226;10;6102;651;1722;Credit Card;610,2;;;
ORD-11697;16/08/2024;Thomas Yamamoto;Consumer;United States;North America;Technology;Wireless Ergonomic Mouse;1;665;10;5985;699;1628;Credit Card;598,5;;;
ORD-10279;20/01/2023;Ivan Zhang;Consumer;UAE;Middle East & Africa;Office Supplies;Desk Calendar 2025;7;106;20;5936;1826;771;Bank Transfer;593,6;;;
ORD-10091;16/04/2023;Jessica Sato;Consumer;Australia;Asia Pacific;Clothing & Accessories;Travel Backpack 30L;1;550;5;5225;981;1494;PayPal;522,5;;;
ORD-10399;11/09/2023;Chen Garcia;Consumer;China;Asia Pacific;Technology;Wireless Ergonomic Mouse;1;517;10;4653;1095;714;Cash on Delivery;465,3;;;
ORD-10776;22/06/2025;Karen Yamamoto;Corporate;United Kingdom;Europe;Technology;Laptop Stand Adjustable;2;277;25;4155;878;23;Credit Card;415,5;;;
ORD-11485;12/04/2025;Joseph Garcia;Consumer;China;Asia Pacific;Office Supplies;Stapler Full-Size;2;197;10;3546;1039;734;Credit Card;354,6;;;
ORD-10228;05/08/2023;Sakura Rodriguez;Corporate;China;Asia Pacific;Technology;Wireless Ergonomic Mouse;1;357;10;3213;1104;146;PayPal;321,3;;;
ORD-10814;15/02/2025;Patricia Park;Corporate;Mexico;North America;Office Supplies;Tape Dispenser Heavy Duty;2;162;10;2916;65;808;Bank Transfer;291,6;;;
ORD-11013;03/06/2025;Nadia Martin;Home Office;United Kingdom;Europe;Clothing & Accessories;Leather Belt Classic;2;167;15;2839;1141;28;Cash on Delivery;283,9;;;
ORD-10497;09/01/2025;Liam Davis;Consumer;Italy;Europe;Office Supplies;Premium Notebook Set A5;3;94;5;2679;1124;286;Bank Transfer;267,9;;;
ORD-10219;30/08/2023;Giulia Anderson;Consumer;India;Asia Pacific;Office Supplies;Premium Notebook Set A5;2;137;5;2603;1105;265;Cash on Delivery;260,3;;;
ORD-10933;29/11/2025;Raj White;Home Office;France;Europe;Office Supplies;Whiteboard Markers Set 8;2;132;5;2508;967;353;Bank Transfer;250,8;;;
ORD-11499;08/01/2023;Kenji Rossi;Corporate;Spain;Europe;Office Supplies;Paper Clips Box 500pc;3;78;10;2106;1261;-208;Cash on Delivery;210,6;;;
ORD-10918;03/10/2025;Richard Ali;Corporate;Mexico;North America;Office Supplies;Paper Clips Box 500pc;4;54;5;2052;106;2;Credit Card;205,2;;;
ORD-10301;23/08/2023;Jamal Leroy;Home Office;Brazil;South America;Office Supplies;Highlighters Neon Pack 6;4;64;20;2048;1395;-499;Credit Card;204,8;;;
ORD-11141;14/04/2024;Hans Müller;Consumer;UAE;Middle East & Africa;Office Supplies;Stapler Full-Size;2;103;5;1957;1216;-186;Cash on Delivery;195,7;;;
ORD-11293;22/08/2023;Priya Weber;Consumer;Saudi Arabia;Middle East & Africa;Office Supplies;Premium Notebook Set A5;2;83;5;1577;1544;-714;PayPal;157,7;;;
ORD-11896;20/11/2025;Noah Thomas;Corporate;India;Asia Pacific;Office Supplies;Highlighters Neon Pack 6;2;71;10;1278;1079;-44;PayPal;127,8;;;
ORD-11610;04/04/2023;Richard Ali;Consumer;Mexico;North America;Office Supplies;Stapler Full-Size;1;130;5;1235;581;69;Bank Transfer;123,5;;;
ORD-10982;28/04/2025;Sophie Johnson;Home Office;Italy;Europe;Office Supplies;Stapler Full-Size;1;95;10;855;83;-403;PayPal;85,5;;;
ORD-11505;30/11/2023;Susan Leroy;Consumer;Brazil;South America;Office Supplies;Premium Notebook Set A5;1;88;10;792;1194;-798;Bank Transfer;79,2;;;
ORD-11079;10/04/2023;Maria Schmidt;Consumer;South Korea;Asia Pacific;Technology;Laptop Stand Adjustable;3;634;20;15216;1226;3529;Credit Card;1521,6;;;
ORD-11254;19/12/2025;Barbara Williams;Corporate;Canada;North America;Clothing & Accessories;Cotton Formal Shirt;3;548;10;14796;1013;5563;Bank Transfer;1479,6;;;
ORD-11721;22/09/2025;Elizabeth Zhang;Corporate;Canada;North America;Clothing & Accessories;Leather Wallet Minimalist;8;153;10;11016;977;3919;Cash on Delivery;1101,6;;;
ORD-10630;24/06/2025;Carlos Jackson;Corporate;Saudi Arabia;Middle East & Africa;Office Supplies;Tape Dispenser Heavy Duty;4;189;20;6048;1612;1034;Credit Card;604,8;;;
ORD-11918;27/07/2024;Robert Khan;Consumer;Canada;North America;Technology;USB-C Hub Multiport Adapter;1;423;20;3384;591;467;Credit Card;338,4;;;
ORD-10065;24/07/2025;Raj Sato;Home Office;Brazil;South America;Office Supplies;Binder Clips Assorted 48pc;3;71;10;1917;1232;-273;Credit Card;191,7;;;
ORD-10983;23/06/2024;Nadia Zhang;Consumer;India;Asia Pacific;Furniture;Desk Organizer Set;9;555;5;47452;1993;15489;Cash on Delivery;4745,25;;;
ORD-11408;17/02/2025;Oscar Martinez;Corporate;Japan;Asia Pacific;Technology;Webcam HD 1080p;7;783;15;46588;2597;13845;Credit Card;4658,85;;;
ORD-10369;16/08/2025;Wei Sharma;Consumer;UAE;Middle East & Africa;Clothing & Accessories;Business Casual Blazer;5;797;15;33872;2172;11775;Bank Transfer;3387,25;;;
ORD-10863;21/03/2023;Jessica Anderson;Consumer;UAE;Middle East & Africa;Furniture;Floating Wall Shelves Set;5;641;5;30447;1749;9468;Credit Card;3044,75;;;
ORD-10469;24/11/2024;Carlos Sharma;Corporate;Mexico;North America;Technology;Laptop Stand Adjustable;5;607;15;25797;1621;7484;Bank Transfer;2579,75;;;
ORD-10562;23/05/2023;Patricia Müller;Consumer;Mexico;North America;Technology;Webcam HD 1080p;5;541;5;25697;1143;9677;Credit Card;2569,75;;;
ORD-10485;04/05/2025;Omar Patel;Home Office;France;Europe;Technology;Mechanical Gaming Keyboard;5;537;5;25507;1921;8818;PayPal;2550,75;;;
ORD-11350;15/02/2025;James Ahmed;Home Office;Canada;North America;Technology;Wireless Bluetooth Headphones;1;2301;5;21859;729;8474;Credit Card;2185,95;;;
ORD-10280;23/07/2025;Mia Santos;Consumer;Canada;North America;Technology;Smart LED Desk Lamp;3;595;5;16957;1182;5957;Credit Card;1695,75;;;
ORD-11471;05/03/2025;Joseph Weber;Consumer;Canada;North America;Technology;Noise Cancelling Earbuds;1;1127;5;10706;608;3899;Credit Card;1070,65;;;
ORD-11636;07/07/2024;Ingrid Davis;Consumer;Argentina;South America;Technology;Tablet Stand Holder;5;173;15;7352;1643;951;Cash on Delivery;735,25;;;
ORD-11409;24/12/2025;Chen Taylor;Home Office;India;Asia Pacific;Technology;Mechanical Gaming Keyboard;1;839;15;7131;1112;1404;Credit Card;713,15;;;
ORD-11614;04/04/2025;Carlos Ali;Consumer;South Korea;Asia Pacific;Clothing & Accessories;Leather Wallet Minimalist;3;243;5;6925;1077;2203;PayPal;692,55;;;
ORD-10961;13/07/2023;Lucas Suzuki;Corporate;Brazil;South America;Technology;Wireless Ergonomic Mouse;1;615;15;5227;1075;77;Credit Card;522,75;;;
ORD-11519;31/12/2025;Maria Suzuki;Home Office;Spain;Europe;Clothing & Accessories;Sports Water Bottle 750ml;5;95;5;4512;1425;712;Credit Card;451,25;;;
ORD-11621;09/08/2025;Carlos Sharma;Consumer;United States;North America;Clothing & Accessories;Leather Wallet Minimalist;1;363;5;3448;635;998;Credit Card;344,85;;;
ORD-10885;03/08/2023;Amir Singh;Corporate;Mexico;North America;Office Supplies;Premium Notebook Set A5;3;107;5;3049;1192;413;Credit Card;304,95;;;
ORD-11046;15/09/2025;Sophie White;Corporate;Spain;Europe;Office Supplies;Paper Clips Box 500pc;3;97;5;2764;138;75;Credit Card;276,45;;;
ORD-11676;27/02/2024;Giulia Anderson;Consumer;United States;North America;Office Supplies;Sticky Notes Multicolor 6-Pack;1;147;15;1249;742;-154;Credit Card;124,95;;;
ORD-10407;21/04/2024;Isabella Laurent;Corporate;Germany;Europe;Office Supplies;Sticky Notes Multicolor 6-Pack;1;402;15;342;774;-613;Bank Transfer;341,7;;;
ORD-10197;21/12/2023;Sarah Rossi;Consumer;Mexico;North America;Office Supplies;Highlighters Neon Pack 6;1;689;15;586;674;-398;Cash on Delivery;585,65;;;
ORD-11751;13/08/2024;Elizabeth Singh;Home Office;Mexico;North America;Office Supplies;Whiteboard Markers Set 8;1;965;10;869;586;-151;PayPal;868,5;;;
ORD-10148;13/04/2025;Sarah Smith;Home Office;Brazil;South America;Office Supplies;Highlighters Neon Pack 6;1;877;20;702;1114;-807;PayPal;701,6;;;
ORD-11604;06/12/2025;Mary Jackson;Consumer;Mexico;North America;Office Supplies;Desk Calendar 2025;1;995;10;896;573;-125;PayPal;895,5;;;
ORD-11873;11/05/2025;Susan Garcia;Corporate;Argentina;South America;Office Supplies;Whiteboard Markers Set 8;1;693;10;624;1229;-917;PayPal;623,7;;;
ORD-10695;18/01/2024;William Kim;Consumer;South Korea;Asia Pacific;Office Supplies;Paper Clips Box 500pc;1;996;15;847;99;-591;Bank Transfer;846,6;;;
ORD-10460;16/04/2024;Kenji Romano;Corporate;France;Europe;Office Supplies;Whiteboard Markers Set 8;1;964;10;868;79;-356;Cash on Delivery;867,6;;;
ORD-10620;07/03/2023;Omar Garcia;Consumer;China;Asia Pacific;Office Supplies;Premium Notebook Set A5;1;1117;20;894;1007;-616;Credit Card;893,6;;;
ORD-10414;23/11/2025;Layla Park;Consumer;Japan;Asia Pacific;Office Supplies;Desk Calendar 2025;1;887;5;843;1123;-679;Credit Card;842,65;;;
ORD-11948;21/12/2024;Ingrid Santos;Consumer;France;Europe;Office Supplies;Ballpoint Pen Pack 12;1;645;5;613;756;-433;Cash on Delivery;612,75;;;
ORD-11980;06/12/2024;Ingrid Yamamoto;Corporate;Japan;Asia Pacific;Office Supplies;Desk Calendar 2025;1;1646;25;1235;1148;-654;PayPal;1234,5;;;
ORD-11979;19/03/2024;Nadia Romano;Corporate;United Kingdom;Europe;Office Supplies;Sticky Notes Multicolor 6-Pack;2;403;5;766;1073;-67;Cash on Delivery;765,7;;;
ORD-11884;16/09/2023;Joseph Martinez;Home Office;Canada;North America;Office Supplies;Binder Clips Assorted 48pc;1;1282;20;1026;698;-249;Bank Transfer;1025,6;;;
ORD-11932;14/06/2023;Felix Hassan;Home Office;Italy;Europe;Office Supplies;Paper Clips Box 500pc;1;668;15;568;822;-555;Credit Card;567,8;;;
ORD-10322;08/02/2023;Maria Laurent;Home Office;South Korea;Asia Pacific;Office Supplies;Paper Clips Box 500pc;1;963;10;867;1044;-61;PayPal;866,7;;;
ORD-10907;02/03/2023;Mia Clark;Consumer;Italy;Europe;Office Supplies;Stapler Full-Size;2;1157;25;1736;809;-114;Cash on Delivery;1735,5;;;
ORD-11866;05/01/2025;Oscar Schmidt;Corporate;Japan;Asia Pacific;Office Supplies;Binder Clips Assorted 48pc;1;921;20;737;1117;-794;Credit Card;736,8;;;
ORD-11240;20/08/2024;Olga Li;Corporate;South Korea;Asia Pacific;Office Supplies;Paper Clips Box 500pc;2;918;15;1561;1205;-47;PayPal;1560,6;;;
ORD-10583;17/05/2025;Christopher Ahmed;Corporate;United States;North America;Clothing & Accessories;Sports Water Bottle 750ml;1;1794;10;1615;716;2;Credit Card;1614,6;;;
ORD-10632;10/12/2023;David White;Home Office;Mexico;North America;Office Supplies;Premium Notebook Set A5;1;1507;5;1432;662;92;Credit Card;1431,65;;;
ORD-11666;07/04/2025;Xiao Rodriguez;Corporate;Germany;Europe;Office Supplies;Ballpoint Pen Pack 12;2;978;15;1663;1008;-225;Bank Transfer;1662,6;;;
ORD-10573;17/03/2024;Hanna Brown;Home Office;France;Europe;Office Supplies;Premium Notebook Set A5;2;1008;15;1714;967;-16;PayPal;1713,6;;;
ORD-11268;04/06/2023;Richard Li;Consumer;Spain;Europe;Office Supplies;Sticky Notes Multicolor 6-Pack;1;1008;15;857;815;-412;Credit Card;856,8;;;
ORD-10431;21/10/2025;Pierre Wang;Corporate;Spain;Europe;Office Supplies;Whiteboard Markers Set 8;3;781;15;1992;935;3;Bank Transfer;1991,55;;;
ORD-10788;26/06/2023;Michael Martin;Consumer;Saudi Arabia;Middle East & Africa;Office Supplies;Desk Calendar 2025;1;1994;10;1795;1166;-268;Credit Card;1794,6;;;
ORD-10309;09/03/2024;William Clark;Consumer;India;Asia Pacific;Office Supplies;Tape Dispenser Heavy Duty;1;1042;10;938;1001;-532;Credit Card;937,8;;;
ORD-11611;15/05/2025;Olga Kim;Corporate;Argentina;South America;Office Supplies;Highlighters Neon Pack 6;2;541;10;974;1111;-624;Credit Card;973,8;;;
ORD-11966;01/09/2024;Wei Thompson;Consumer;India;Asia Pacific;Office Supplies;Tape Dispenser Heavy Duty;1;2009;15;1708;1058;-254;Credit Card;1707,65;;;
ORD-10684;12/04/2025;Ingrid Clark;Corporate;Canada;North America;Office Supplies;Ballpoint Pen Pack 12;1;1325;5;1259;569;94;PayPal;1258,75;;;
ORD-10514;05/11/2023;Linda Laurent;Consumer;Germany;Europe;Office Supplies;Paper Clips Box 500pc;2;891;15;1515;1164;-451;PayPal;1514,7;;;
ORD-10445;28/05/2024;Giulia Miller;Consumer;Mexico;North America;Office Supplies;Premium Notebook Set A5;1;2324;10;2092;737;309;PayPal;2091,6;;;
ORD-10408;24/01/2023;Hanna Sato;Consumer;Germany;Europe;Office Supplies;Paper Clips Box 500pc;2;853;5;1621;93;-77;Credit Card;1620,7;;;
ORD-11669;22/08/2025;Amina Sharma;Consumer;Canada;North America;Office Supplies;Ballpoint Pen Pack 12;1;1212;10;1091;634;-88;Cash on Delivery;1090,8;;;
ORD-11768;01/07/2024;Joseph Singh;Consumer;Italy;Europe;Clothing & Accessories;Sports Water Bottle 750ml;1;2388;5;2269;901;174;Credit Card;2268,6;;;
ORD-11229;28/07/2023;Xiao Smith;Consumer;Brazil;South America;Technology;USB-C Hub Multiport Adapter;1;2002;15;1702;1098;-497;PayPal;1701,7;;;
ORD-10216;23/10/2025;Jennifer Brown;Home Office;France;Europe;Office Supplies;Binder Clips Assorted 48pc;1;1272;10;1145;873;-30;Credit Card;1144,8;;;
ORD-10005;05/03/2024;Chen Patel;Home Office;Canada;North America;Office Supplies;Ballpoint Pen Pack 12;1;1292;10;1163;583;-1;Credit Card;1162,8;;;
ORD-11369;21/11/2024;Lucas Müller;Consumer;China;Asia Pacific;Clothing & Accessories;Leather Belt Classic;1;3183;15;2706;1146;-32;PayPal;2705,55;;;
ORD-10956;06/04/2024;Sakura Rodriguez;Consumer;United States;North America;Office Supplies;Ballpoint Pen Pack 12;2;1432;10;2578;70;589;Credit Card;2577,6;;;
ORD-11321;04/10/2023;Giulia Khan;Home Office;United States;North America;Office Supplies;Desk Calendar 2025;4;682;5;2592;989;375;PayPal;2591,6;;;
ORD-11684;19/08/2023;Barbara Jones;Consumer;Mexico;North America;Office Supplies;Binder Clips Assorted 48pc;1;1444;5;1372;628;94;Credit Card;1371,8;;;
ORD-10054;02/11/2023;Diego Jones;Corporate;China;Asia Pacific;Clothing & Accessories;Canvas Messenger Bag;1;3054;10;2749;1033;189;PayPal;2748,6;;;
ORD-10261;05/07/2024;Li Oliveira;Consumer;United States;North America;Office Supplies;Tape Dispenser Heavy Duty;5;834;15;3545;759;91;Cash on Delivery;3544,5;;;
ORD-10672;14/01/2024;Thomas Miller;Consumer;South Korea;Asia Pacific;Office Supplies;Binder Clips Assorted 48pc;3;1112;15;2836;1343;-8;PayPal;2835,6;;;
ORD-10277;15/08/2023;Amina Ali;Consumer;United States;North America;Clothing & Accessories;Leather Wallet Minimalist;1;2246;5;2134;695;316;Credit Card;2133,7;;;
ORD-10535;20/06/2025;Liam Zhang;Home Office;China;Asia Pacific;Technology;USB-C Hub Multiport Adapter;1;2246;5;2134;983;-84;PayPal;2133,7;;;
ORD-11978;13/05/2025;Ingrid Davis;Corporate;Colombia;South America;Technology;Smart LED Desk Lamp;1;381;5;362;1113;412;PayPal;361,95;;;
ORD-11723;23/01/2023;Raj Costa;Consumer;United Kingdom;Europe;Office Supplies;Stapler Full-Size;1;854;15;726;797;-455;Credit Card;725,9;;;
ORD-11294;02/03/2023;Ayumi Suzuki;Corporate;Australia;Asia Pacific;Office Supplies;Whiteboard Markers Set 8;4;918;20;2938;126;26;PayPal;2937,6;;;
ORD-11930;26/01/2025;Isabella Tanaka;Consumer;Germany;Europe;Furniture;Desk Organizer Set;1;1632;10;1469;937;-447;Credit Card;1468,8;;;
ORD-11619;06/08/2025;Emma Sato;Consumer;South Korea;Asia Pacific;Furniture;Desk Organizer Set;1;3049;15;2592;1067;-304;Cash on Delivery;2591,65;;;
ORD-11209;11/10/2024;Nadia Martinez;Corporate;Mexico;North America;Office Supplies;Paper Clips Box 500pc;2;928;20;1485;804;-154;Credit Card;1484,8;;;
ORD-11609;06/06/2023;Emma Zhang;Corporate;Saudi Arabia;Middle East & Africa;Clothing & Accessories;Leather Wallet Minimalist;1;3148;5;2991;1224;193;PayPal;2990,6;;;
ORD-11232;20/10/2025;Felix Fischer;Corporate;Argentina;South America;Office Supplies;Desk Calendar 2025;1;1881;20;1505;1178;-519;Cash on Delivery;1504,8;;;
ORD-10807;06/01/2025;Richard Jackson;Consumer;United States;North America;Office Supplies;Ballpoint Pen Pack 12;4;943;20;3018;1283;38;PayPal;3017,6;;;
ORD-11337;14/12/2023;Diego Anderson;Consumer;Nigeria;Middle East & Africa;Clothing & Accessories;Leather Wallet Minimalist;1;3268;5;3105;131;161;Credit Card;3104,6;;;
ORD-10295;04/04/2024;Ayumi Miller;Corporate;South Korea;Asia Pacific;Office Supplies;Tape Dispenser Heavy Duty;3;1461;15;3726;1468;286;PayPal;3725,55;;;
ORD-11269;17/10/2024;Sophie Johansson;Corporate;Saudi Arabia;Middle East & Africa;Office Supplies;Paper Clips Box 500pc;1;487;15;414;1243;-1048;Bank Transfer;413,95;;;
ORD-10117;03/06/2024;Nadia Pereira;Consumer;India;Asia Pacific;Office Supplies;Whiteboard Markers Set 8;2;1862;10;3352;1251;425;Bank Transfer;3351,6;;;
ORD-11204;29/04/2023;Li Yamamoto;Consumer;China;Asia Pacific;Technology;Tablet Stand Holder;1;1784;5;1695;1104;-39;Credit Card;1694,8;;;
ORD-10290;16/09/2025;Isabella Smith;Corporate;Canada;North America;Clothing & Accessories;Leather Belt Classic;1;4267;20;3414;571;709;PayPal;3413,6;;;
ORD-10064;05/04/2024;Ahmed Clark;Corporate;Japan;Asia Pacific;Clothing & Accessories;Cotton Formal Shirt;1;4307;20;3446;105;243;Bank Transfer;3445,6;;;
ORD-11201;14/10/2025;Elizabeth Garcia;Home Office;South Korea;Asia Pacific;Office Supplies;Whiteboard Markers Set 8;1;2186;20;1749;1122;-357;Bank Transfer;1748,8;;;
ORD-10099;11/10/2025;Robert Khan;Consumer;Argentina;South America;Technology;Tablet Stand Holder;1;3102;15;2637;1199;-268;Credit Card;2636,7;;;
ORD-10547;15/06/2024;Olivia Pereira;Home Office;United States;North America;Clothing & Accessories;Cotton Formal Shirt;1;4169;5;3961;553;1323;PayPal;3960,55;;;
ORD-11740;25/05/2023;Zara Rodriguez;Consumer;Mexico;North America;Office Supplies;Tape Dispenser Heavy Duty;4;1054;15;3584;1087;60;Bank Transfer;3583,6;;;
ORD-11630;16/07/2025;Giulia Russo;Corporate;Japan;Asia Pacific;Office Supplies;Tape Dispenser Heavy Duty;2;2261;20;3618;1167;416;PayPal;3617,6;;;
ORD-10144;25/06/2024;Carlos Schmidt;Home Office;France;Europe;Office Supplies;Sticky Notes Multicolor 6-Pack;2;1453;5;2761;1177;276;Cash on Delivery;2760,7;;;
ORD-10827;24/12/2023;Priya Martin;Home Office;Mexico;North America;Technology;Tablet Stand Holder;1;4124;10;3712;587;857;PayPal;3711,6;;;
ORD-11162;06/01/2023;Felix Rodriguez;Home Office;United States;North America;Office Supplies;Premium Notebook Set A5;2;1503;5;2856;659;844;PayPal;2855,7;;;
ORD-11068;27/06/2023;Isabella Kumar;Corporate;Italy;Europe;Office Supplies;Desk Calendar 2025;2;1066;10;1919;1101;-141;Cash on Delivery;1918,8;;;
ORD-11452;29/03/2023;Thomas Oliveira;Corporate;United States;North America;Office Supplies;Paper Clips Box 500pc;1;567;15;482;595;-368;Credit Card;481,95;;;
ORD-10454;11/12/2023;Carlos Ali;Consumer;Canada;North America;Office Supplies;Tape Dispenser Heavy Duty;1;1081;10;973;577;-9;Bank Transfer;972,9;;;
ORD-11450;06/07/2024;Li Rossi;Corporate;Spain;Europe;Technology;USB-C Hub Multiport Adapter;1;2466;20;1973;864;-247;Credit Card;1972,8;;;
ORD-10934;24/07/2025;Clara Brown;Home Office;Germany;Europe;Office Supplies;Premium Notebook Set A5;1;2192;10;1973;801;186;Bank Transfer;1972,8;;;
ORD-11813;25/09/2023;Sarah Thompson;Consumer;Brazil;South America;Technology;USB-C Hub Multiport Adapter;2;2212;10;3982;1138;411;PayPal;3981,6;;;
ORD-10553;07/07/2025;Hanna Fischer;Consumer;India;Asia Pacific;Office Supplies;Premium Notebook Set A5;5;1074;5;5102;1588;1097;PayPal;5101,5;;;
ORD-10349;13/06/2023;Thomas Li;Consumer;Mexico;North America;Technology;Smart LED Desk Lamp;1;3015;15;2563;66;245;Credit Card;2562,75;;;
ORD-10218;26/12/2023;Olga Davis;Consumer;India;Asia Pacific;Technology;USB-C Hub Multiport Adapter;1;5157;20;4126;1055;235;Bank Transfer;4125,6;;;
ORD-11391;22/07/2023;James Taylor;Consumer;China;Asia Pacific;Office Supplies;Stapler Full-Size;1;1643;5;1561;1132;-31;Bank Transfer;1560,85;;;
ORD-10643;11/09/2025;Marco Tanaka;Consumer;Italy;Europe;Technology;USB-C Hub Multiport Adapter;1;5217;20;4174;751;554;Cash on Delivery;4173,6;;;
ORD-11512;08/10/2023;Ingrid Moreau;Consumer;United States;North America;Technology;Webcam HD 1080p;1;4309;15;3663;73;563;Credit Card;3662,65;;;
ORD-10660;03/04/2024;Sarah Moreau;Corporate;France;Europe;Clothing & Accessories;Travel Backpack 30L;2;3517;25;5276;1097;662;Bank Transfer;5275,5;;;
ORD-11185;18/06/2025;William Garcia;Corporate;United Kingdom;Europe;Office Supplies;Tape Dispenser Heavy Duty;1;1901;15;1616;944;-183;Credit Card;1615,85;;;
ORD-10350;15/11/2023;Felix Laurent;Corporate;Canada;North America;Technology;Smart LED Desk Lamp;1;4047;5;3845;675;944;Credit Card;3844,65;;;
ORD-10439;26/12/2023;Ayumi Tanaka;Corporate;Colombia;South America;Office Supplies;Binder Clips Assorted 48pc;4;1172;5;4454;1416;928;Bank Transfer;4453,6;;;
ORD-11521;20/05/2025;Michael Miller;Corporate;South Africa;Middle East & Africa;Office Supplies;Sticky Notes Multicolor 6-Pack;7;722;10;4549;2479;-204;PayPal;4548,6;;;
ORD-11151;02/12/2025;James Khan;Home Office;United States;North America;Office Supplies;Ballpoint Pen Pack 12;3;1271;10;3432;981;735;Bank Transfer;3431,7;;;
ORD-11567;03/10/2025;Mary Anderson;Consumer;Mexico;North America;Office Supplies;Desk Calendar 2025;2;1813;5;3445;951;862;Bank Transfer;3444,7;;;
ORD-10060;28/11/2025;Raj Rossi;Consumer;Australia;Asia Pacific;Office Supplies;Paper Clips Box 500pc;3;427;10;1153;1345;-768;Credit Card;1152,9;;;
ORD-10371;30/04/2025;Sophie Rossi;Corporate;Mexico;North America;Office Supplies;Stapler Full-Size;3;1165;15;2971;118;218;Credit Card;2970,75;;;
ORD-10678;13/11/2025;Raj Patel;Corporate;Canada;North America;Office Supplies;Binder Clips Assorted 48pc;2;1404;15;2387;752;371;Cash on Delivery;2386,8;;;
ORD-10352;08/12/2025;Chen Patel;Corporate;Nigeria;Middle East & Africa;Office Supplies;Tape Dispenser Heavy Duty;2;1326;10;2387;1522;-328;PayPal;2386,8;;;
ORD-11764;25/12/2024;Mary Clark;Consumer;United States;North America;Office Supplies;Binder Clips Assorted 48pc;3;1327;25;2986;1234;-39;Credit Card;2985,75;;;
ORD-11407;17/11/2025;Emma Thompson;Corporate;Mexico;North America;Office Supplies;Premium Notebook Set A5;3;1707;30;3585;122;61;PayPal;3584,7;;;
ORD-11589;27/07/2023;Priya Nilsson;Consumer;UAE;Middle East & Africa;Office Supplies;Stapler Full-Size;1;1341;10;1207;1256;-652;PayPal;1206,9;;;
ORD-10853;10/05/2023;Amir Garcia;Corporate;France;Europe;Office Supplies;Tape Dispenser Heavy Duty;3;1158;30;2432;1353;-484;Credit Card;2431,8;;;
ORD-11433;16/09/2024;Pierre Smith;Consumer;Spain;Europe;Office Supplies;Tape Dispenser Heavy Duty;1;1351;10;1216;794;-186;Credit Card;1215,9;;;
ORD-10709;07/01/2024;Olga Ahmed;Consumer;Italy;Europe;Clothing & Accessories;Leather Belt Classic;3;2255;10;6089;1239;1467;Credit Card;6088,5;;;
ORD-10888;09/12/2025;Ahmed Dubois;Consumer;Spain;Europe;Technology;Tablet Stand Holder;1;4507;5;4282;942;861;Cash on Delivery;4281,65;;;
ORD-11782;27/01/2024;Oscar Pereira;Corporate;China;Asia Pacific;Office Supplies;Premium Notebook Set A5;2;2161;15;3674;1306;423;Bank Transfer;3673,7;;;
ORD-11223;16/11/2024;Nadia Dubois;Consumer;United States;North America;Clothing & Accessories;Business Casual Blazer;1;4527;5;4301;672;1365;Credit Card;4300,65;;;
ORD-10953;12/03/2023;Emma Johnson;Corporate;Italy;Europe;Technology;Smart LED Desk Lamp;2;2732;10;4918;101;903;Credit Card;4917,6;;;
ORD-10424;19/07/2023;Diego Davis;Corporate;Spain;Europe;Clothing & Accessories;Leather Belt Classic;2;2732;10;4918;1074;1112;PayPal;4917,6;;;
ORD-10066;02/08/2024;Hanna Ali;Home Office;United Kingdom;Europe;Office Supplies;Stapler Full-Size;4;1454;15;4944;1257;107;PayPal;4943,6;;;
ORD-10168;17/10/2024;Isabella Schmidt;Consumer;Argentina;South America;Clothing & Accessories;Wool Blend Scarf;1;2908;15;2472;1198;-18;Credit Card;2471,8;;;
ORD-10925;10/01/2024;Linda Müller;Corporate;Canada;North America;Office Supplies;Sticky Notes Multicolor 6-Pack;4;651;5;2474;1484;-182;Credit Card;2473,8;;;
ORD-10296;02/10/2024;Michael Tanaka;Consumer;Colombia;South America;Clothing & Accessories;Business Casual Blazer;1;4143;10;3729;1206;451;Cash on Delivery;3728,7;;;
ORD-11920;26/09/2024;Pierre Jones;Corporate;United Kingdom;Europe;Clothing & Accessories;Sports Water Bottle 750ml;1;2928;15;2489;94;85;Credit Card;2488,8;;;
ORD-11024;10/10/2025;Zara Wang;Corporate;India;Asia Pacific;Technology;Tablet Stand Holder;1;3171;20;2537;988;-195;Credit Card;2536,8;;;
ORD-10613;26/08/2024;Ingrid Martin;Corporate;United Kingdom;Europe;Clothing & Accessories;Sports Water Bottle 750ml;1;2003;5;1903;796;106;Credit Card;1902,85;;;
ORD-11687;29/11/2023;Zara Nilsson;Corporate;India;Asia Pacific;Office Supplies;Whiteboard Markers Set 8;3;944;10;2549;1613;-338;Credit Card;2548,8;;;
ORD-11670;03/02/2023;Jamal Rossi;Corporate;South Korea;Asia Pacific;Furniture;Floating Wall Shelves Set;1;6016;15;5114;1085;419;Bank Transfer;5113,6;;;
ORD-10617;17/06/2025;Yuki Suzuki;Corporate;China;Asia Pacific;Furniture;Floating Wall Shelves Set;1;3211;20;2569;1011;-369;Bank Transfer;2568,8;;;
ORD-11812;18/10/2023;Liam Jones;Consumer;South Korea;Asia Pacific;Technology;Smart LED Desk Lamp;1;4622;15;3929;1054;333;Credit Card;3928,7;;;
ORD-10273;08/03/2024;Clara Johnson;Consumer;China;Asia Pacific;Office Supplies;Desk Calendar 2025;4;772;15;2625;140;-165;PayPal;2624,8;;;
ORD-11219;11/04/2025;Olga Ali;Consumer;Saudi Arabia;Middle East & Africa;Office Supplies;Whiteboard Markers Set 8;1;1471;10;1324;1169;-507;PayPal;1323,9;;;
ORD-10304;10/06/2025;Li Pereira;Corporate;Saudi Arabia;Middle East & Africa;Office Supplies;Ballpoint Pen Pack 12;1;1471;10;1324;1216;-554;Credit Card;1323,9;;;
ORD-10165;21/02/2024;Hanna Leroy;Corporate;France;Europe;Technology;Wireless Ergonomic Mouse;1;6236;15;5301;788;1083;Credit Card;5300,6;;;
ORD-11112;13/08/2025;Felix Leroy;Corporate;Spain;Europe;Clothing & Accessories;Sports Water Bottle 750ml;4;1579;15;5369;1499;712;Bank Transfer;5368,6;;;
ORD-10796;21/05/2024;David Smith;Consumer;UAE;Middle East & Africa;Technology;Wireless Ergonomic Mouse;3;2123;5;6051;1806;742;Credit Card;6050,55;;;
ORD-11000;02/04/2023;Olga Zhang;Corporate;South Africa;Middle East & Africa;Clothing & Accessories;Cotton Formal Shirt;1;4286;5;4072;1214;715;Bank Transfer;4071,7;;;
ORD-11891;07/12/2023;Ayumi Kumar;Corporate;Mexico;North America;Clothing & Accessories;Sports Water Bottle 750ml;3;2132;15;5437;701;1538;Credit Card;5436,6;;;
ORD-10267;11/05/2025;Barbara White;Consumer;India;Asia Pacific;Office Supplies;Whiteboard Markers Set 8;3;1195;5;3406;1121;672;Credit Card;3405,75;;;
ORD-10832;04/04/2024;Karen Tanaka;Corporate;Japan;Asia Pacific;Office Supplies;Stapler Full-Size;5;1519;10;6836;1271;2147;Cash on Delivery;6835,5;;;
ORD-11903;07/11/2023;Wei Smith;Home Office;Japan;Asia Pacific;Office Supplies;Whiteboard Markers Set 8;7;927;5;6165;1921;1324;Credit Card;6164,55;;;
ORD-10121;30/06/2024;Maria Weber;Corporate;Spain;Europe;Clothing & Accessories;Polarized Sunglasses;3;2289;20;5494;1177;883;Credit Card;5493,6;;;
ORD-10763;11/08/2025;Mary Khan;Corporate;China;Asia Pacific;Office Supplies;Whiteboard Markers Set 8;3;2038;10;5503;1411;1341;PayPal;5502,6;;;
ORD-11500;29/10/2025;Ali Yamamoto;Consumer;Brazil;South America;Clothing & Accessories;Cotton Formal Shirt;1;4055;15;3447;1154;266;PayPal;3446,75;;;
ORD-11805;24/11/2025;Joseph Martin;Corporate;South Korea;Asia Pacific;Furniture;Desk Organizer Set;1;2461;15;2092;1008;-393;PayPal;2091,85;;;
ORD-10400;17/11/2024;Ahmed Tanaka;Corporate;United States;North America;Office Supplies;Desk Calendar 2025;1;827;15;703;56;-229;Credit Card;702,95;;;
ORD-11110;09/12/2023;Robert Dubois;Corporate;United States;North America;Technology;USB-C Hub Multiport Adapter;1;5809;15;4938;623;112;Bank Transfer;4937,65;;;
ORD-11465;05/08/2025;Kenji Santos;Home Office;France;Europe;Office Supplies;Ballpoint Pen Pack 12;3;1581;10;4269;1147;988;Bank Transfer;4268,7;;;
ORD-11392;07/06/2025;Diego Li;Consumer;United Kingdom;Europe;Technology;Laptop Stand Adjustable;1;5267;5;5004;86;1247;Credit Card;5003,65;;;
ORD-11711;07/02/2023;Layla Khan;Home Office;Canada;North America;Technology;Noise Cancelling Earbuds;1;6394;10;5755;686;1552;PayPal;5754,6;;;
ORD-10818;22/08/2024;Kenji Wang;Consumer;Spain;Europe;Clothing & Accessories;Silk Tie Collection;2;3202;10;5764;1001;1561;Credit Card;5763,6;;;
ORD-11722;07/06/2025;Michael Yamamoto;Consumer;Germany;Europe;Clothing & Accessories;Wool Blend Scarf;5;1698;15;7217;1038;1934;PayPal;7216,5;;;
ORD-10271;09/01/2023;Mary Khan;Corporate;United Kingdom;Europe;Technology;Webcam HD 1080p;1;4873;10;4386;811;895;Credit Card;4385,7;;;
ORD-10963;11/12/2025;Ava Laurent;Corporate;Mexico;North America;Technology;Noise Cancelling Earbuds;1;9802;25;7352;656;1305;Credit Card;7351,5;;;
ORD-10952;13/08/2023;Karen Zhang;Home Office;India;Asia Pacific;Office Supplies;Premium Notebook Set A5;2;1646;10;2963;1364;118;Credit Card;2962,8;;;
ORD-10140;04/09/2024;Sarah Khan;Home Office;Italy;Europe;Office Supplies;Tape Dispenser Heavy Duty;3;2208;10;5962;103;1951;Bank Transfer;5961,6;;;
ORD-11498;03/07/2024;Omar Rodriguez;Corporate;Australia;Asia Pacific;Office Supplies;Desk Calendar 2025;2;1671;10;3008;1399;105;Credit Card;3007,8;;;
ORD-10443;24/10/2024;Elizabeth Patel;Consumer;Argentina;South America;Technology;Laptop Stand Adjustable;1;4025;5;3824;1249;361;Credit Card;3823,75;;;
ORD-11962;04/06/2023;Karen Anderson;Consumer;Italy;Europe;Office Supplies;Highlighters Neon Pack 6;3;618;15;1576;918;-176;Credit Card;1575,9;;;
ORD-11423;03/12/2023;Felix Laurent;Home Office;Australia;Asia Pacific;Clothing & Accessories;Silk Tie Collection;2;1662;5;3158;1284;212;PayPal;3157,8;;;
ORD-11039;21/11/2024;Li Miller;Consumer;France;Europe;Technology;Wireless Ergonomic Mouse;2;3961;20;6338;102;961;Credit Card;6337,6;;;
ORD-11099;30/06/2024;Priya Robinson;Consumer;Mexico;North America;Clothing & Accessories;Wool Blend Scarf;1;5283;10;4755;613;150;Credit Card;4754,7;;;
ORD-10591;26/12/2023;Isabella Anderson;Corporate;South Korea;Asia Pacific;Technology;USB-C Hub Multiport Adapter;1;5357;25;4018;1121;-49;Cash on Delivery;4017,75;;;
ORD-10541;04/04/2025;Clara Garcia;Consumer;Canada;North America;Technology;USB-C Hub Multiport Adapter;3;2543;5;7248;1134;1918;Credit Card;7247,55;;;
ORD-11747;21/06/2024;Ava Patel;Home Office;Nigeria;Middle East & Africa;Clothing & Accessories;Cotton Formal Shirt;2;3414;5;6487;1394;1679;PayPal;6486,6;;;
ORD-11016;15/07/2025;Layla Jackson;Consumer;Spain;Europe;Furniture;Folding Table Portable;1;7709;5;7324;928;1771;PayPal;7323,55;;;
ORD-10433;09/11/2024;Mary Fischer;Consumer;Colombia;South America;Furniture;Monitor Riser Wood;1;4091;20;3273;120;-382;Bank Transfer;3272,8;;;
ORD-10293;04/05/2025;Emma Wang;Consumer;Italy;Europe;Office Supplies;Tape Dispenser Heavy Duty;6;1286;15;6559;1627;146;Credit Card;6558,6;;;
ORD-10249;26/01/2025;Barbara Sharma;Corporate;Canada;North America;Technology;Wireless Ergonomic Mouse;1;4325;5;4109;562;1168;Bank Transfer;4108,75;;;
ORD-10434;16/04/2023;Giulia Brown;Corporate;South Korea;Asia Pacific;Office Supplies;Paper Clips Box 500pc;4;866;5;3291;1166;566;PayPal;3290,8;;;
ORD-11809;20/10/2023;Michael Sato;Corporate;Japan;Asia Pacific;Clothing & Accessories;Travel Backpack 30L;1;8252;20;6602;964;1512;Cash on Delivery;6601,6;;;
ORD-11833;21/11/2023;Ali Romano;Corporate;Japan;Asia Pacific;Office Supplies;Desk Calendar 2025;1;1851;10;1666;1116;-283;PayPal;1665,9;;;
ORD-11923;26/07/2025;Omar Park;Consumer;India;Asia Pacific;Clothing & Accessories;Wool Blend Scarf;1;5601;25;4201;1123;277;Credit Card;4200,75;;;
ORD-11797;03/10/2024;Hanna Sato;Consumer;United States;North America;Office Supplies;Sticky Notes Multicolor 6-Pack;6;706;20;3389;961;522;Bank Transfer;3388,8;;;
ORD-11880;24/12/2024;Richard Park;Consumer;Nigeria;Middle East & Africa;Technology;Smart LED Desk Lamp;1;4465;5;4242;1309;477;Credit Card;4241,75;;;
ORD-11574;03/07/2025;Emma Kim;Consumer;United Kingdom;Europe;Furniture;Folding Table Portable;1;9465;10;8519;891;1949;Cash on Delivery;8518,5;;;
ORD-10015;13/07/2023;Jamal Harris;Corporate;Saudi Arabia;Middle East & Africa;Technology;Smart LED Desk Lamp;2;4271;20;6834;1222;914;PayPal;6833,6;;;
ORD-11616;02/06/2025;Sarah Hassan;Corporate;Mexico;North America;Office Supplies;Highlighters Neon Pack 6;2;1007;15;1712;612;194;Credit Card;1711,9;;;
ORD-10868;27/07/2024;Sakura Jones;Corporate;United States;North America;Technology;Tablet Stand Holder;5;1909;10;8591;1516;1825;Credit Card;8590,5;;;
ORD-10292;16/02/2024;Omar Costa;Corporate;Saudi Arabia;Middle East & Africa;Office Supplies;Whiteboard Markers Set 8;1;2074;15;1763;1345;-515;Credit Card;1762,9;;;
ORD-10329;20/09/2024;Amina Taylor;Consumer;India;Asia Pacific;Office Supplies;Binder Clips Assorted 48pc;6;1309;10;7069;2097;1438;PayPal;7068,6;;;
ORD-11933;06/12/2025;Maria Martin;Consumer;China;Asia Pacific;Clothing & Accessories;Sports Water Bottle 750ml;3;2638;10;7123;1645;1521;PayPal;7122,6;;;
ORD-12000;15/11/2023;Raj Anderson;Consumer;Argentina;South America;Office Supplies;Premium Notebook Set A5;2;1067;15;1814;1402;-548;Credit Card;1813,9;;;
ORD-10626;22/04/2025;David Chen;Corporate;Argentina;South America;Clothing & Accessories;Sports Water Bottle 750ml;2;1067;15;1814;1302;-555;Bank Transfer;1813,9;;;
ORD-11818;24/02/2025;Clara Costa;Corporate;Germany;Europe;Furniture;Desk Organizer Set;1;4032;10;3629;929;281;Cash on Delivery;3628,8;;;
ORD-11431;13/01/2024;Karen Wang;Home Office;Colombia;South America;Clothing & Accessories;Polarized Sunglasses;1;2154;15;1831;1249;-495;Credit Card;1830,9;;;
ORD-10816;06/06/2023;Jennifer Nilsson;Consumer;Japan;Asia Pacific;Technology;Wireless Ergonomic Mouse;1;2903;5;2758;1081;8;Credit Card;2757,85;;;
ORD-11746;05/01/2023;Fatima Suzuki;Consumer;Mexico;North America;Furniture;Bookshelf 5-Tier;1;6193;10;5574;588;127;PayPal;5573,7;;;
ORD-10083;07/07/2023;Priya Thomas;Home Office;Argentina;South America;Office Supplies;Stapler Full-Size;1;1962;5;1864;1248;-267;Bank Transfer;1863,9;;;
ORD-11971;28/08/2025;William Martin;Corporate;United States;North America;Clothing & Accessories;Leather Wallet Minimalist;1;2071;10;1864;724;104;Credit Card;1863,9;;;
ORD-11332;16/08/2023;Fatima Patel;Home Office;Mexico;North America;Clothing & Accessories;Business Casual Blazer;1;6243;10;5619;727;177;Credit Card;5618,7;;;
ORD-11667;14/08/2023;John Brown;Consumer;Germany;Europe;Technology;Noise Cancelling Earbuds;1;8929;5;8483;918;2654;PayPal;8482,55;;;
ORD-11916;16/05/2025;Barbara Weber;Corporate;Nigeria;Middle East & Africa;Furniture;Floating Wall Shelves Set;2;3994;5;7589;1543;1253;PayPal;7588,6;;;
ORD-10335;27/05/2024;Olivia Davis;Home Office;Colombia;South America;Office Supplies;Binder Clips Assorted 48pc;5;1119;15;4756;2211;27;PayPal;4755,75;;;
ORD-11774;09/10/2024;John Wang;Home Office;Australia;Asia Pacific;Clothing & Accessories;Sports Water Bottle 750ml;2;2181;10;3926;1221;524;Bank Transfer;3925,8;;;
ORD-11280;02/03/2024;John Robinson;Corporate;France;Europe;Office Supplies;Highlighters Neon Pack 6;4;1051;5;3994;1317;785;Credit Card;3993,8;;;
ORD-11189;05/07/2024;Clara Tanaka;Corporate;United States;North America;Furniture;Desk Organizer Set;1;3163;5;3005;584;523;PayPal;3004,85;;;
ORD-10241;31/12/2024;Liam Taylor;Corporate;South Korea;Asia Pacific;Technology;Tablet Stand Holder;2;4758;15;8089;1118;1737;Credit Card;8088,6;;;
ORD-11453;07/10/2023;Patricia Martinez;Home Office;UAE;Middle East & Africa;Office Supplies;Sticky Notes Multicolor 6-Pack;3;1207;15;3078;1769;-32;PayPal;3077,85;;;
ORD-10346;12/02/2024;Marco Hassan;Consumer;Mexico;North America;Office Supplies;Tape Dispenser Heavy Duty;5;1097;5;5211;1423;132;PayPal;5210,75;;;
ORD-10449;24/10/2024;Susan Patel;Corporate;Italy;Europe;Technology;Tablet Stand Holder;2;2454;15;4172;1057;416;PayPal;4171,8;;;
ORD-11705;11/02/2024;Jennifer Martinez;Corporate;UAE;Middle East & Africa;Technology;Wireless Ergonomic Mouse;2;2202;5;4184;1318;444;Cash on Delivery;4183,8;;;
ORD-10835;16/05/2024;Ingrid Müller;Corporate;United States;North America;Office Supplies;Binder Clips Assorted 48pc;4;1242;15;4223;1337;65;Credit Card;4222,8;;;
ORD-10254;05/08/2023;Christopher Rossi;Corporate;Japan;Asia Pacific;Office Supplies;Ballpoint Pen Pack 12;7;1521;20;8518;2479;1248;Credit Card;8517,6;;;
ORD-10822;21/06/2024;Ethan Johnson;Home Office;India;Asia Pacific;Clothing & Accessories;Travel Backpack 30L;1;4732;10;4259;1074;819;Cash on Delivery;4258,8;;;
ORD-10846;17/01/2023;Yuki Costa;Corporate;UAE;Middle East & Africa;Office Supplies;Sticky Notes Multicolor 6-Pack;2;1141;5;2168;1526;-385;Bank Transfer;2167,9;;;
ORD-10446;08/01/2023;Raj Martinez;Corporate;Colombia;South America;Clothing & Accessories;Leather Wallet Minimalist;2;3891;15;6615;1425;1299;Credit Card;6614,7;;;
ORD-11517;30/12/2024;Zara Davis;Home Office;UAE;Middle East & Africa;Office Supplies;Stapler Full-Size;2;1297;15;2205;1441;-403;Credit Card;2204,9;;;
ORD-10100;02/02/2024;Fatima Jones;Corporate;Mexico;North America;Furniture;Bookshelf 5-Tier;1;9308;5;8843;67;2588;Bank Transfer;8842,6;;;
ORD-10137;02/10/2023;Jamal Robinson;Corporate;Nigeria;Middle East & Africa;Clothing & Accessories;Wool Blend Scarf;2;4937;10;8887;1428;2522;Credit Card;8886,6;;;
ORD-10951;05/03/2024;Sarah Chen;Consumer;Mexico;North America;Office Supplies;Whiteboard Markers Set 8;6;1588;5;9052;101;3754;PayPal;9051,6;;;
ORD-11646;28/10/2025;Zara Suzuki;Consumer;South Africa;Middle East & Africa;Office Supplies;Whiteboard Markers Set 8;3;1776;15;4529;1575;556;Cash on Delivery;4528,8;;;
ORD-11615;28/10/2024;Marco Rodriguez;Consumer;Australia;Asia Pacific;Clothing & Accessories;Silk Tie Collection;1;4784;5;4545;1134;1019;PayPal;4544,8;;;
ORD-10477;27/07/2025;Jessica Johnson;Consumer;Germany;Europe;Clothing & Accessories;Leather Belt Classic;5;1517;25;5689;1281;616;Bank Transfer;5688,75;;;
ORD-10721;11/05/2024;Sarah Robinson;Consumer;Nigeria;Middle East & Africa;Technology;Mechanical Gaming Keyboard;1;5726;20;4581;1291;141;Credit Card;4580,8;;;
ORD-10103;26/03/2023;Barbara Russo;Corporate;Spain;Europe;Clothing & Accessories;Silk Tie Collection;3;2422;5;6903;887;2383;Credit Card;6902,7;;;
ORD-11014;12/05/2025;Thomas Costa;Corporate;Canada;North America;Clothing & Accessories;Leather Wallet Minimalist;2;5167;10;9301;745;3389;Credit Card;9300,6;;;
ORD-11798;23/10/2023;Thomas Rodriguez;Corporate;Argentina;South America;Office Supplies;Binder Clips Assorted 48pc;7;1109;10;6987;2214;128;Credit Card;6986,7;;;
ORD-10115;25/07/2025;Ali Harris;Consumer;Canada;North America;Technology;Wireless Ergonomic Mouse;1;4984;5;4735;598;1396;Credit Card;4734,8;;;
ORD-10829;27/06/2025;Jennifer Ferrari;Consumer;Mexico;North America;Technology;Laptop Stand Adjustable;2;3803;5;7226;929;2114;PayPal;7225,7;;;
ORD-11320;20/06/2025;Sophie Chen;Home Office;Spain;Europe;Furniture;Floating Wall Shelves Set;2;5668;15;9636;836;1998;Credit Card;9635,6;;;
ORD-11005;26/03/2025;Emma Anderson;Home Office;Mexico;North America;Technology;Tablet Stand Holder;5;2546;5;12094;1636;3456;Credit Card;12093,5;;;
ORD-10052;03/01/2024;Ali Miller;Home Office;Canada;North America;Office Supplies;Desk Calendar 2025;11;984;10;9742;2584;2287;Credit Card;9741,6;;;
ORD-10269;25/09/2025;Chen Martinez;Consumer;Japan;Asia Pacific;Furniture;Bookshelf 5-Tier;1;10388;5;9869;992;2644;Bank Transfer;9868,6;;;
ORD-11781;14/09/2024;Ingrid White;Consumer;Australia;Asia Pacific;Office Supplies;Highlighters Neon Pack 6;1;1321;5;1255;1034;-373;Credit Card;1254,95;;;
ORD-10187;17/04/2025;Wei Müller;Corporate;UAE;Middle East & Africa;Office Supplies;Desk Calendar 2025;1;1487;15;1264;1293;-698;Bank Transfer;1263,95;;;
ORD-11660;01/07/2024;Fatima Robinson;Corporate;France;Europe;Technology;Wireless Ergonomic Mouse;2;2841;10;5114;934;1055;Credit Card;5113,8;;;
ORD-10615;07/04/2025;Giulia Smith;Corporate;Canada;North America;Clothing & Accessories;Travel Backpack 30L;1;9062;15;7703;748;2424;Cash on Delivery;7702,7;;;
ORD-10145;09/09/2025;Ali Wang;Consumer;India;Asia Pacific;Furniture;Monitor Riser Wood;3;4083;5;11637;1587;2701;Credit Card;11636,55;;;
ORD-11690;24/07/2024;William Chen;Corporate;France;Europe;Office Supplies;Sticky Notes Multicolor 6-Pack;6;1361;5;7758;2053;203;PayPal;7757,7;;;
ORD-11404;10/12/2025;Karen Garcia;Corporate;South Africa;Middle East & Africa;Technology;Portable External SSD 1TB;1;8705;25;6529;1228;513;Credit Card;6528,75;;;
ORD-11119;02/11/2025;Diego Suzuki;Corporate;Mexico;North America;Technology;USB-C Hub Multiport Adapter;2;6198;15;10537;776;2943;Bank Transfer;10536,6;;;
ORD-11118;31/07/2025;Mia Johnson;Consumer;Spain;Europe;Furniture;Desk Organizer Set;1;2782;5;2643;775;199;PayPal;2642,9;;;
ORD-11620;03/09/2025;Pierre Costa;Corporate;United States;North America;Technology;Smart LED Desk Lamp;1;6248;15;5311;586;1289;Bank Transfer;5310,8;;;
ORD-10299;01/10/2025;Michael Park;Home Office;India;Asia Pacific;Office Supplies;Tape Dispenser Heavy Duty;5;1409;5;6693;137;2153;Credit Card;6692,75;;;
ORD-11808;19/07/2023;Mary Weber;Corporate;Canada;North America;Technology;Smart LED Desk Lamp;2;5654;5;10743;732;3792;PayPal;10742,6;;;
ORD-11748;19/09/2025;Susan Laurent;Home Office;Colombia;South America;Office Supplies;Tape Dispenser Heavy Duty;6;2004;10;10822;1393;4018;PayPal;10821,6;;;
ORD-10480;28/06/2023;Priya Thomas;Consumer;Italy;Europe;Clothing & Accessories;Polarized Sunglasses;2;3006;10;5411;1177;1228;Cash on Delivery;5410,8;;;
ORD-11448;11/05/2024;Jessica Yamamoto;Corporate;China;Asia Pacific;Clothing & Accessories;Canvas Messenger Bag;2;4293;5;8157;1352;2512;Cash on Delivery;8156,7;;;
ORD-10889;21/03/2025;Layla Johansson;Corporate;Nigeria;Middle East & Africa;Technology;USB-C Hub Multiport Adapter;1;2902;5;2757;1187;-26;Cash on Delivery;2756,9;;;
ORD-10314;08/02/2023;Sakura Martin;Corporate;Japan;Asia Pacific;Office Supplies;Stapler Full-Size;5;1453;5;6902;1187;2446;Credit Card;6901,75;;;
ORD-11799;15/09/2024;Jamal Pereira;Consumer;United States;North America;Technology;Smart LED Desk Lamp;2;3101;10;5582;685;1486;Bank Transfer;5581,8;;;
ORD-11447;20/06/2024;Ali Sato;Corporate;Canada;North America;Clothing & Accessories;Canvas Messenger Bag;2;7345;5;13956;629;5982;Cash on Delivery;13955,5;;;
ORD-10878;31/01/2024;Clara Sato;Home Office;Japan;Asia Pacific;Furniture;Monitor Riser Wood;2;2962;5;5628;1079;995;PayPal;5627,8;;;
ORD-10308;03/02/2025;Christopher Clark;Corporate;Colombia;South America;Technology;Noise Cancelling Earbuds;1;6262;10;5636;1129;1063;PayPal;5635,8;;;
ORD-10782;15/07/2025;Christopher Park;Consumer;France;Europe;Furniture;Desk Organizer Set;2;5954;5;11313;946;3222;Credit Card;11312,6;;;
ORD-10505;25/09/2025;Fatima Weber;Consumer;Italy;Europe;Office Supplies;Stapler Full-Size;4;1578;10;5681;1358;1483;PayPal;5680,8;;;
ORD-10410;05/08/2025;Karen Patel;Consumer;South Africa;Middle East & Africa;Office Supplies;Binder Clips Assorted 48pc;1;1521;5;1445;1263;-502;PayPal;1444,95;;;
ORD-11504;16/09/2024;Yuki Pereira;Corporate;Canada;North America;Office Supplies;Tape Dispenser Heavy Duty;4;1737;15;5906;91;1869;Cash on Delivery;5905,8;;;
ORD-11257;26/11/2024;Olivia Zhang;Home Office;Mexico;North America;Office Supplies;Binder Clips Assorted 48pc;5;1561;5;7415;1463;244;PayPal;7414,75;;;
ORD-10189;07/12/2023;William Miller;Corporate;India;Asia Pacific;Office Supplies;Premium Notebook Set A5;4;1757;15;5974;1873;938;Credit Card;5973,8;;;
ORD-10428;10/06/2025;Felix Patel;Consumer;Italy;Europe;Furniture;Bookshelf 5-Tier;1;12648;5;12016;935;3492;Bank Transfer;12015,6;;;
ORD-11756;04/05/2025;Jessica Brown;Home Office;United States;North America;Technology;Smart LED Desk Lamp;1;3162;5;3004;73;535;Bank Transfer;3003,9;;;
ORD-10077;23/12/2025;Carlos Thomas;Consumer;France;Europe;Furniture;Monitor Riser Wood;2;7068;15;12016;993;2541;Bank Transfer;12015,6;;;
ORD-11536;31/05/2025;Linda Wang;Consumer;France;Europe;Technology;Portable External SSD 1TB;1;10053;10;9048;922;2597;Bank Transfer;9047,7;;;
ORD-11362;10/01/2024;Priya Smith;Consumer;Spain;Europe;Technology;Wireless Ergonomic Mouse;1;3202;5;3042;828;453;Cash on Delivery;3041,9;;;
ORD-10668;11/01/2025;Christopher Jackson;Consumer;Japan;Asia Pacific;Office Supplies;Desk Calendar 2025;12;1127;10;12172;1904;4182;Credit Card;12171,6;;;
ORD-11271;06/01/2023;Ayumi Ferrari;Home Office;Nigeria;Middle East & Africa;Technology;Laptop Stand Adjustable;2;3391;10;6104;1438;936;Bank Transfer;6103,8;;;
ORD-10108;28/08/2024;Diego Thomas;Consumer;United States;North America;Clothing & Accessories;Cotton Formal Shirt;3;4538;10;12253;966;448;PayPal;12252,6;;;
ORD-10860;21/06/2023;Fatima Jackson;Home Office;Germany;Europe;Technology;Tablet Stand Holder;3;4852;15;12373;1306;3061;Credit Card;12372,6;;;
ORD-11180;10/08/2025;Robert Thomas;Consumer;Spain;Europe;Clothing & Accessories;Travel Backpack 30L;4;3923;20;12554;1084;3624;Bank Transfer;12553,6;;;
ORD-10319;24/09/2025;Hans Laurent;Consumer;South Africa;Middle East & Africa;Office Supplies;Stapler Full-Size;7;709;5;4715;1772;71;PayPal;4714,85;;;
ORD-10479;02/07/2025;Joseph Clark;Consumer;China;Asia Pacific;Furniture;Desk Organizer Set;4;1748;10;6293;1278;82;Cash on Delivery;6292,8;;;
ORD-10670;07/08/2025;Carlos Sharma;Corporate;Japan;Asia Pacific;Clothing & Accessories;Polarized Sunglasses;4;3506;10;12622;1196;4414;Credit Card;12621,6;;;
ORD-10435;30/01/2023;Priya Martin;Consumer;Canada;North America;Office Supplies;Stapler Full-Size;4;1661;5;6312;84;2482;Bank Transfer;6311,8;;;
ORD-10199;11/12/2023;Hans Robinson;Consumer;Canada;North America;Office Supplies;Stapler Full-Size;5;1665;5;7909;863;330;Credit Card;7908,75;;;
ORD-10517;04/10/2024;Diego Johansson;Consumer;UAE;Middle East & Africa;Office Supplies;Ballpoint Pen Pack 12;2;1671;5;3175;1463;208;Credit Card;3174,9;;;
ORD-11964;13/12/2023;Linda Martin;Consumer;United States;North America;Furniture;Floating Wall Shelves Set;3;4708;10;12712;1182;3056;Bank Transfer;12711,6;;;
ORD-11085;19/08/2023;Felix Smith;Consumer;United Kingdom;Europe;Furniture;Monitor Riser Wood;1;5721;15;4863;777;653;Cash on Delivery;4862,85;;;
ORD-11394;18/05/2023;Pierre Fischer;Corporate;Saudi Arabia;Middle East & Africa;Furniture;Mesh Back Task Chair;1;21782;25;16337;1246;2022;Credit Card;16336,5;;;
ORD-10883;07/03/2024;Fatima Williams;Home Office;China;Asia Pacific;Furniture;Monitor Riser Wood;4;3641;10;13108;1764;2606;Bank Transfer;13107,6;;;
ORD-10178;09/12/2024;Sarah Johansson;Home Office;South Korea;Asia Pacific;Technology;Smart LED Desk Lamp;1;3661;10;3295;1073;208;PayPal;3294,9;;;
ORD-10515;28/04/2024;Oscar Thompson;Home Office;India;Asia Pacific;Furniture;Standing Desk Converter;1;13749;15;11687;1012;2426;PayPal;11686,65;;;
ORD-10302;09/06/2024;Emma Tanaka;Home Office;Argentina;South America;Furniture;Monitor Riser Wood;3;2636;15;6722;1459;518;PayPal;6721,8;;;
ORD-10693;27/10/2024;Hanna Weber;Corporate;China;Asia Pacific;Office Supplies;Binder Clips Assorted 48pc;8;1052;20;6733;1922;1024;Credit Card;6732,8;;;
ORD-11011;10/02/2023;Hans Kim;Corporate;Japan;Asia Pacific;Clothing & Accessories;Travel Backpack 30L;2;8158;15;13869;118;4531;Bank Transfer;13868,6;;;
ORD-11250;04/04/2024;Emma Kim;Consumer;India;Asia Pacific;Technology;Portable External SSD 1TB;1;11653;10;10488;1052;3027;PayPal;10487,7;;;
ORD-10759;14/12/2024;Thomas Thompson;Consumer;United States;North America;Office Supplies;Paper Clips Box 500pc;6;627;5;3574;1936;-55;Cash on Delivery;3573,9;;;
ORD-11329;18/05/2023;Jamal Clark;Consumer;South Korea;Asia Pacific;Furniture;Standing Desk Converter;2;11977;25;17966;1037;2557;Cash on Delivery;17965,5;;;
ORD-11565;17/02/2024;Omar Williams;Consumer;South Korea;Asia Pacific;Clothing & Accessories;Leather Belt Classic;5;4834;25;18128;1429;4614;Credit Card;18127,5;;;
ORD-10783;19/08/2023;Ava Clark;Corporate;Nigeria;Middle East & Africa;Technology;Noise Cancelling Earbuds;1;15651;30;10956;1321;1027;PayPal;10955,7;;;
ORD-10726;08/06/2023;Hans Yamamoto;Consumer;South Korea;Asia Pacific;Clothing & Accessories;Leather Wallet Minimalist;4;3887;5;14771;1404;5593;Credit Card;14770,6;;;
ORD-10804;29/04/2024;Jamal Khan;Corporate;Colombia;South America;Technology;USB-C Hub Multiport Adapter;2;5277;30;7388;1469;114;Credit Card;7387,8;;;
ORD-10659;30/10/2024;Barbara Miller;Consumer;China;Asia Pacific;Clothing & Accessories;Canvas Messenger Bag;2;3932;5;7471;1359;218;Credit Card;7470,8;;;
ORD-11755;03/03/2025;Emma Dubois;Consumer;France;Europe;Office Supplies;Sticky Notes Multicolor 6-Pack;6;1468;15;7487;1534;1989;Credit Card;7486,8;;;
ORD-10032;28/01/2024;Oscar Khan;Consumer;United States;North America;Clothing & Accessories;Leather Belt Classic;2;3962;5;7528;60;2966;Credit Card;7527,8;;;
ORD-11041;02/05/2025;Christopher Harris;Corporate;Germany;Europe;Furniture;Monitor Riser Wood;2;5973;5;11349;1047;3134;PayPal;11348,7;;;
ORD-10305;11/04/2024;Michael Taylor;Corporate;South Korea;Asia Pacific;Clothing & Accessories;Polarized Sunglasses;4;4206;10;15142;1114;5616;PayPal;15141,6;;;
ORD-10382;26/10/2023;Layla Anderson;Home Office;Australia;Asia Pacific;Furniture;Filing Cabinet 3-Drawer;2;11395;15;19372;1341;4357;Credit Card;19371,5;;;
ORD-10171;18/04/2024;Michael Kim;Consumer;Mexico;North America;Technology;USB-C Hub Multiport Adapter;3;2041;5;5817;1021;1428;PayPal;5816,85;;;
ORD-11473;16/09/2024;Zara Clark;Consumer;Brazil;South America;Furniture;Floating Wall Shelves Set;3;6494;20;15586;1157;274;PayPal;15585,6;;;
ORD-10092;08/04/2024;Susan Hassan;Home Office;France;Europe;Clothing & Accessories;Sports Water Bottle 750ml;6;2944;10;15898;1771;5295;Credit Card;15897,6;;;
ORD-10949;24/07/2023;Chen Johnson;Consumer;Nigeria;Middle East & Africa;Furniture;Monitor Riser Wood;2;7101;15;12072;132;2231;Cash on Delivery;12071,7;;;
ORD-10321;19/09/2023;Ahmed Sharma;Home Office;United States;North America;Office Supplies;Desk Calendar 2025;3;789;15;2012;738;209;Credit Card;2011,95;;;
ORD-10924;05/11/2024;Sakura Ahmed;Corporate;United Kingdom;Europe;Furniture;Monitor Riser Wood;3;5543;15;14135;1374;2784;Cash on Delivery;14134,65;;;
ORD-10238;05/10/2025;Ava Rossi;Corporate;China;Asia Pacific;Furniture;Bookshelf 5-Tier;1;12866;5;12223;994;3509;PayPal;12222,7;;;
ORD-11535;11/06/2023;Isabella Jackson;Consumer;Italy;Europe;Technology;Webcam HD 1080p;3;6058;10;16357;975;5386;Credit Card;16356,6;;;
ORD-11361;08/03/2024;Olivia Sato;Consumer;United States;North America;Technology;Wireless Ergonomic Mouse;3;6959;20;16702;1017;4203;Cash on Delivery;16701,6;;;
ORD-10073;08/12/2024;Xiao Robinson;Corporate;Canada;North America;Clothing & Accessories;Canvas Messenger Bag;2;6653;5;12641;938;505;Credit Card;12640,7;;;
ORD-10234;08/09/2025;Sophie Sharma;Consumer;Spain;Europe;Technology;Portable External SSD 1TB;2;9447;10;17005;1119;5494;Credit Card;17004,6;;;
ORD-10213;06/08/2024;Sarah Harris;Consumer;Mexico;North America;Office Supplies;Premium Notebook Set A5;4;2241;5;8516;1114;3368;PayPal;8515,8;;;
ORD-10772;09/06/2023;William Hassan;Corporate;Saudi Arabia;Middle East & Africa;Technology;Wireless Ergonomic Mouse;1;2301;5;2186;1314;-394;Credit Card;2185,95;;;
ORD-10592;27/12/2025;Priya Thomas;Home Office;Mexico;North America;Office Supplies;Tape Dispenser Heavy Duty;1;2301;5;2186;685;466;PayPal;2185,95;;;
ORD-10569;17/06/2023;Chen Miller;Consumer;Italy;Europe;Technology;Smart LED Desk Lamp;3;6943;5;19788;1072;726;PayPal;19787,55;;;
ORD-11848;14/04/2025;Richard Weber;Consumer;Canada;North America;Technology;Noise Cancelling Earbuds;1;15522;15;13194;682;3975;Credit Card;13193,7;;;
ORD-11945;30/09/2025;Sakura Rossi;Consumer;Germany;Europe;Clothing & Accessories;Travel Backpack 30L;4;5518;20;17658;1434;5188;Cash on Delivery;17657,6;;;
ORD-10268;21/12/2025;Elizabeth Fischer;Home Office;Italy;Europe;Technology;Wireless Bluetooth Headphones;1;22352;20;17882;819;4769;Cash on Delivery;17881,6;;;
ORD-10555;15/09/2025;Ahmed Russo;Consumer;Japan;Asia Pacific;Technology;Mechanical Gaming Keyboard;3;7032;15;17932;1616;4713;PayPal;17931,6;;;
ORD-11991;11/09/2023;Hanna Santos;Home Office;South Korea;Asia Pacific;Technology;Portable External SSD 1TB;1;14993;10;13494;979;4269;Credit Card;13493,7;;;
ORD-10003;09/07/2023;Priya Martinez;Consumer;Japan;Asia Pacific;Furniture;Desk Organizer Set;3;5314;15;13551;1488;2498;PayPal;13550,7;;;
ORD-10084;18/03/2024;Wei Jones;Home Office;South Korea;Asia Pacific;Technology;USB-C Hub Multiport Adapter;3;5549;5;15815;164;5019;Cash on Delivery;15814,65;;;
ORD-11196;17/02/2023;Mia Ali;Corporate;United States;North America;Furniture;Monitor Riser Wood;2;4762;5;9048;83;2504;Bank Transfer;9047,8;;;
ORD-10026;02/01/2025;Layla Ahmed;Home Office;Japan;Asia Pacific;Technology;Laptop Stand Adjustable;3;4445;15;11335;1634;2367;Bank Transfer;11334,75;;;
ORD-10457;29/08/2023;Omar Hassan;Consumer;China;Asia Pacific;Clothing & Accessories;Cotton Formal Shirt;6;5095;25;22928;1809;5834;PayPal;22927,5;;;
ORD-10867;05/08/2024;Hans Hassan;Corporate;Argentina;South America;Clothing & Accessories;Polarized Sunglasses;2;5424;15;9221;1261;2536;Credit Card;9220,8;;;
ORD-10877;10/10/2024;Yuki Sharma;Corporate;Mexico;North America;Clothing & Accessories;Leather Belt Classic;3;5123;25;11527;96;2882;Cash on Delivery;11526,75;;;
ORD-10336;19/05/2023;Chen Romano;Home Office;France;Europe;Furniture;Filing Cabinet 3-Drawer;1;19508;5;18533;941;5887;PayPal;18532,6;;;
ORD-11066;07/04/2023;Olga Leroy;Home Office;Germany;Europe;Technology;Laptop Stand Adjustable;3;5789;5;16499;948;5999;PayPal;16498,65;;;
ORD-11426;26/12/2024;Jamal Chen;Corporate;Saudi Arabia;Middle East & Africa;Technology;Mechanical Gaming Keyboard;1;10502;10;9452;1157;2519;Credit Card;9451,8;;;
ORD-11264;06/08/2025;Sophie Sato;Consumer;Mexico;North America;Furniture;Floating Wall Shelves Set;3;4155;5;11842;702;3661;PayPal;11841,75;;;
ORD-10088;27/10/2024;David Rodriguez;Consumer;South Korea;Asia Pacific;Furniture;Folding Table Portable;3;8775;10;23693;111;6788;Bank Transfer;23692,5;;;
ORD-11715;16/09/2025;Olga Weber;Consumer;South Korea;Asia Pacific;Clothing & Accessories;Business Casual Blazer;1;10562;10;9506;973;3252;PayPal;9505,8;;;
ORD-11367;20/11/2025;Jamal Park;Consumer;UAE;Middle East & Africa;Clothing & Accessories;Leather Wallet Minimalist;2;2511;5;4771;1285;975;Bank Transfer;4770,9;;;
ORD-10539;05/11/2024;Chen Patel;Home Office;Japan;Asia Pacific;Clothing & Accessories;Travel Backpack 30L;2;10607;10;19093;1294;7192;Cash on Delivery;19092,6;;;
ORD-10802;10/02/2025;Omar Yamamoto;Consumer;Nigeria;Middle East & Africa;Office Supplies;Desk Calendar 2025;8;1406;15;9561;2341;2158;Credit Card;9560,8;;;
ORD-10906;05/04/2025;Wei Moreau;Corporate;India;Asia Pacific;Technology;Tablet Stand Holder;4;5371;10;19336;1376;6144;Credit Card;19335,6;;;
ORD-11212;20/04/2023;Li White;Corporate;Japan;Asia Pacific;Technology;Webcam HD 1080p;4;5709;15;19411;1138;5713;Credit Card;19410,6;;;
ORD-11977;25/07/2025;Li Smith;Consumer;Japan;Asia Pacific;Furniture;Standing Desk Converter;1;27105;10;24395;1025;7107;Credit Card;24394,5;;;
ORD-11754;31/03/2025;Sakura Chen;Corporate;India;Asia Pacific;Office Supplies;Stapler Full-Size;11;1479;25;12202;2311;257;Bank Transfer;12201,75;;;
ORD-10775;19/01/2024;Susan Zhang;Consumer;Canada;North America;Furniture;Floating Wall Shelves Set;2;6168;20;9869;634;1833;PayPal;9868,8;;;
ORD-10894;26/03/2025;John Martin;Home Office;Germany;Europe;Clothing & Accessories;Leather Wallet Minimalist;2;5531;10;9956;1062;3363;PayPal;9955,8;;;
ORD-10742;11/12/2024;Nadia Santos;Consumer;South Korea;Asia Pacific;Office Supplies;Desk Calendar 2025;12;1053;20;10109;3283;114;Bank Transfer;10108,8;;;
ORD-11599;10/02/2024;Nadia Martin;Consumer;South Korea;Asia Pacific;Clothing & Accessories;Business Casual Blazer;2;8921;15;15166;136;4885;Credit Card;15165,7;;;
ORD-11202;02/03/2023;Mary Smith;Home Office;United States;North America;Furniture;Mesh Back Task Chair;1;11352;10;10217;735;2671;Credit Card;10216,8;;;
ORD-10940;23/09/2025;Robert Rodriguez;Consumer;Italy;Europe;Office Supplies;Tape Dispenser Heavy Duty;12;902;5;10283;2658;2754;Cash on Delivery;10282,8;;;
ORD-11459;14/05/2025;Lucas Brown;Consumer;South Africa;Middle East & Africa;Furniture;Bookshelf 5-Tier;2;12278;15;20873;1569;457;Credit Card;20872,6;;;
ORD-11478;29/03/2023;Oscar Taylor;Home Office;China;Asia Pacific;Technology;Portable External SSD 1TB;1;11612;10;10451;1018;3046;Credit Card;10450,8;;;
ORD-10139;08/11/2025;Olivia Leroy;Home Office;China;Asia Pacific;Furniture;Ergonomic Office Chair;1;16586;5;15757;1045;476;PayPal;15756,7;;;
ORD-11092;03/10/2024;Raj Thompson;Home Office;China;Asia Pacific;Clothing & Accessories;Wool Blend Scarf;3;5582;5;15909;1234;6302;Bank Transfer;15908,7;;;
ORD-10120;10/11/2024;Ali Hassan;Home Office;Mexico;North America;Technology;Webcam HD 1080p;2;5622;5;10682;983;3515;Credit Card;10681,8;;;
ORD-11495;08/05/2025;Joseph Schmidt;Home Office;India;Asia Pacific;Office Supplies;Tape Dispenser Heavy Duty;3;1894;5;5398;1446;1395;Credit Card;5397,9;;;
ORD-11312;12/04/2025;Ahmed Hassan;Corporate;Mexico;North America;Technology;Noise Cancelling Earbuds;3;6001;10;16203;1124;5177;Credit Card;16202,7;;;
ORD-11955;28/09/2024;Olivia Jones;Consumer;United Kingdom;Europe;Furniture;Desk Organizer Set;6;4745;5;27047;2101;7864;Credit Card;27046,5;;;
ORD-11231;30/03/2023;Emma Brown;Consumer;Spain;Europe;Technology;Portable External SSD 1TB;1;8563;5;8135;886;2539;Bank Transfer;8134,85;;;
ORD-11067;11/12/2024;Mia Li;Corporate;Mexico;North America;Furniture;Folding Table Portable;3;7616;5;21706;825;7172;Bank Transfer;21705,6;;;
ORD-10473;15/02/2023;Kenji Zhang;Corporate;United States;North America;Technology;Noise Cancelling Earbuds;2;14315;5;27199;858;10594;Credit Card;27198,5;;;
ORD-10315;18/08/2024;Jamal Sharma;Corporate;Germany;Europe;Technology;Noise Cancelling Earbuds;2;12167;10;21901;1065;7452;Bank Transfer;21900,6;;;
ORD-10500;09/09/2023;Sakura Ali;Consumer;Nigeria;Middle East & Africa;Technology;Smart LED Desk Lamp;2;6126;10;11027;1433;2855;Credit Card;11026,8;;;
ORD-11071;28/09/2025;Fatima Zhang;Consumer;India;Asia Pacific;Technology;Webcam HD 1080p;2;6291;10;11324;1157;3247;PayPal;11323,8;;;
ORD-11772;28/04/2025;Christopher Tanaka;Home Office;South Africa;Middle East & Africa;Office Supplies;Stapler Full-Size;8;1787;20;11437;1877;3127;PayPal;11436,8;;;
ORD-10916;18/02/2023;Jessica Wang;Corporate;South Korea;Asia Pacific;Clothing & Accessories;Business Casual Blazer;2;7223;20;11557;1308;3026;Credit Card;11556,8;;;
ORD-11221;27/03/2025;Olivia Kim;Consumer;South Africa;Middle East & Africa;Technology;Portable External SSD 1TB;2;13648;15;23202;1542;6647;Bank Transfer;23201,6;;;
ORD-11557;18/08/2023;Liam Pereira;Home Office;Australia;Asia Pacific;Clothing & Accessories;Cotton Formal Shirt;3;4847;20;11633;1091;3272;Bank Transfer;11632,8;;;
ORD-11436;08/02/2025;Noah Suzuki;Consumer;Japan;Asia Pacific;Technology;Webcam HD 1080p;3;5705;15;14548;1086;4049;Bank Transfer;14547,75;;;
ORD-10510;18/02/2024;Olivia Anderson;Corporate;Italy;Europe;Clothing & Accessories;Cotton Formal Shirt;3;6202;5;17676;879;7494;Cash on Delivery;17675,7;;;
ORD-10516;12/07/2024;Olga Suzuki;Corporate;United States;North America;Technology;Portable External SSD 1TB;2;13107;10;23593;858;8317;Credit Card;23592,6;;;
ORD-10801;07/11/2023;Ethan Wang;Corporate;Germany;Europe;Furniture;Folding Table Portable;4;7054;15;23984;1123;5931;Bank Transfer;23983,6;;;
ORD-11549;11/07/2024;Priya Jones;Consumer;Australia;Asia Pacific;Technology;Mechanical Gaming Keyboard;2;7074;15;12026;1336;2909;PayPal;12025,8;;;
ORD-11585;24/06/2025;Clara Martinez;Home Office;United States;North America;Clothing & Accessories;Polarized Sunglasses;2;7084;15;12043;708;4251;PayPal;12042,8;;;
ORD-11175;25/02/2023;Ethan Hassan;Corporate;China;Asia Pacific;Clothing & Accessories;Travel Backpack 30L;2;3171;5;6025;1063;1791;Bank Transfer;6024,9;;;
ORD-11399;02/10/2024;Thomas Chen;Home Office;Mexico;North America;Furniture;Mesh Back Task Chair;1;16045;5;15243;589;5027;PayPal;15242,75;;;
ORD-11926;08/11/2025;Susan Yamamoto;Home Office;United Kingdom;Europe;Furniture;Mesh Back Task Chair;1;27264;10;24538;912;7268;Credit Card;24537,6;;;
ORD-10363;08/08/2023;Linda Brown;Consumer;Mexico;North America;Technology;Mechanical Gaming Keyboard;3;9118;10;24619;858;8716;Cash on Delivery;24618,6;;;
ORD-11437;31/12/2023;Sarah Johnson;Consumer;Germany;Europe;Furniture;Bookshelf 5-Tier;1;16205;5;15395;938;4734;PayPal;15394,75;;;
ORD-11992;13/01/2024;Olivia Miller;Consumer;Mexico;North America;Clothing & Accessories;Cotton Formal Shirt;6;5147;20;24706;1798;7467;Bank Transfer;24705,6;;;
ORD-10756;27/04/2025;Lucas Costa;Consumer;United States;North America;Technology;Laptop Stand Adjustable;2;3657;15;6217;853;1341;PayPal;6216,9;;;
ORD-11680;30/07/2023;Olivia Sharma;Corporate;UAE;Middle East & Africa;Furniture;Monitor Riser Wood;3;7354;15;18753;1335;4181;Bank Transfer;18752,7;;;
ORD-10750;08/10/2023;Hanna Kumar;Consumer;Argentina;South America;Office Supplies;Tape Dispenser Heavy Duty;3;2194;5;6253;1725;1566;Cash on Delivery;6252,9;;;
ORD-11410;10/04/2025;William Wang;Home Office;Nigeria;Middle East & Africa;Technology;Portable External SSD 1TB;3;9328;10;25186;180;7995;PayPal;25185,6;;;
ORD-10622;04/06/2025;Nadia Pereira;Consumer;South Africa;Middle East & Africa;Clothing & Accessories;Leather Wallet Minimalist;3;2294;5;6538;1372;1725;Bank Transfer;6537,9;;;
ORD-10705;27/03/2024;Chen Dubois;Corporate;France;Europe;Technology;Laptop Stand Adjustable;1;3441;5;3269;758;618;Credit Card;3268,95;;;
ORD-11734;26/04/2024;Clara Romano;Consumer;United Kingdom;Europe;Technology;Webcam HD 1080p;3;7281;10;19659;1186;6459;Credit Card;19658,7;;;
ORD-10226;27/07/2025;Jennifer White;Home Office;France;Europe;Clothing & Accessories;Cotton Formal Shirt;3;4904;10;13241;1087;4798;PayPal;13240,8;;;
ORD-11629;09/11/2024;Thomas Costa;Consumer;Italy;Europe;Clothing & Accessories;Leather Wallet Minimalist;3;5815;5;16573;1436;6414;PayPal;16572,75;;;
ORD-10824;15/07/2024;Pierre Rodriguez;Home Office;Mexico;North America;Technology;Mechanical Gaming Keyboard;2;15027;10;27049;615;9904;Credit Card;27048,6;;;
ORD-10465;15/07/2025;John Suzuki;Corporate;United Kingdom;Europe;Furniture;Standing Desk Converter;1;23962;15;20368;94;5051;Credit Card;20367,7;;;
ORD-11336;23/06/2023;Ayumi Robinson;Corporate;Australia;Asia Pacific;Furniture;Mesh Back Task Chair;1;25047;5;23795;1078;7689;Bank Transfer;23794,65;;;
ORD-10790;27/05/2024;Emma Nilsson;Corporate;China;Asia Pacific;Technology;Noise Cancelling Earbuds;2;7192;5;13665;1371;4383;PayPal;13664,8;;;
ORD-11967;20/12/2023;Elizabeth Harris;Home Office;Australia;Asia Pacific;Technology;Webcam HD 1080p;1;3601;5;3421;97;47;Credit Card;3420,95;;;
ORD-10458;29/08/2025;Wei Thompson;Consumer;United States;North America;Furniture;Bookshelf 5-Tier;1;15382;10;13844;607;4008;PayPal;13843,8;;;
ORD-11787;15/11/2025;Omar Nilsson;Corporate;Canada;North America;Technology;Smart LED Desk Lamp;3;7382;5;21039;1199;766;Cash on Delivery;21038,7;;;
ORD-11056;05/02/2025;James Patel;Corporate;Mexico;North America;Technology;Mechanical Gaming Keyboard;2;14804;5;28128;959;10885;Credit Card;28127,6;;;
ORD-10839;09/11/2025;Olga Robinson;Corporate;China;Asia Pacific;Technology;Wireless Bluetooth Headphones;2;16668;15;28336;1152;8849;PayPal;28335,6;;;
ORD-11015;27/01/2024;Clara Rodriguez;Corporate;United States;North America;Clothing & Accessories;Travel Backpack 30L;3;5907;20;14177;1125;4192;Credit Card;14176,8;;;
ORD-10029;20/12/2024;Clara Ali;Consumer;Canada;North America;Office Supplies;Binder Clips Assorted 48pc;6;1247;5;7108;833;2908;Cash on Delivery;7107,9;;;
ORD-10222;09/07/2024;Hanna White;Consumer;France;Europe;Clothing & Accessories;Travel Backpack 30L;3;5982;20;14357;958;4426;Bank Transfer;14356,8;;;
ORD-10939;19/10/2024;Lucas Park;Consumer;Saudi Arabia;Middle East & Africa;Furniture;Corner L-Shaped Desk;1;23953;25;17965;1202;2391;PayPal;17964,75;;;
ORD-10546;20/06/2023;Xiao Taylor;Corporate;UAE;Middle East & Africa;Furniture;Monitor Riser Wood;4;4227;15;14372;166;2567;Bank Transfer;14371,8;;;
ORD-11960;08/08/2023;Ahmed Singh;Home Office;United Kingdom;Europe;Furniture;Mesh Back Task Chair;3;12089;20;29014;1412;5842;PayPal;29013,6;;;
ORD-11134;10/06/2025;Noah Chen;Consumer;Canada;North America;Furniture;Floating Wall Shelves Set;2;8106;10;14591;958;3906;PayPal;14590,8;;;
ORD-11290;15/04/2024;Wei Johnson;Home Office;Australia;Asia Pacific;Technology;Smart LED Desk Lamp;9;3881;5;33183;2113;11859;Credit Card;33182,55;;;
ORD-11397;13/05/2025;Thomas Zhang;Home Office;Japan;Asia Pacific;Clothing & Accessories;Wool Blend Scarf;4;4098;10;14753;1639;4918;Bank Transfer;14752,8;;;
ORD-10069;03/06/2023;Chen Smith;Corporate;Germany;Europe;Furniture;Monitor Riser Wood;4;4362;15;14831;1581;2781;Cash on Delivery;14830,8;;;
ORD-10370;14/09/2024;Linda Santos;Corporate;United Kingdom;Europe;Technology;Mechanical Gaming Keyboard;1;17488;15;14865;856;4391;Credit Card;14864,8;;;
ORD-11188;19/06/2024;Xiao Johnson;Consumer;Mexico;North America;Clothing & Accessories;Polarized Sunglasses;2;3941;5;7488;806;2741;PayPal;7487,9;;;
ORD-11373;23/04/2024;Layla Li;Consumer;Brazil;South America;Technology;Laptop Stand Adjustable;3;7982;5;22749;1383;8196;PayPal;22748,7;;;
ORD-10438;23/04/2024;Omar Fischer;Corporate;South Korea;Asia Pacific;Furniture;Mesh Back Task Chair;1;18966;20;15173;952;2841;Cash on Delivery;15172,8;;;
ORD-11193;30/03/2025;Raj Harris;Consumer;Mexico;North America;Technology;USB-C Hub Multiport Adapter;4;4348;10;15653;946;5141;Credit Card;15652,8;;;
ORD-11244;02/01/2023;John Johansson;Corporate;Spain;Europe;Technology;Mechanical Gaming Keyboard;4;9793;20;31338;1431;8362;Cash on Delivery;31337,6;;;
ORD-10275;06/07/2024;Mary Clark;Consumer;Mexico;North America;Office Supplies;Desk Calendar 2025;7;1186;5;7887;1715;2436;Credit Card;7886,9;;;
ORD-11053;10/04/2024;Wei Müller;Consumer;India;Asia Pacific;Technology;Noise Cancelling Earbuds;4;4388;10;15797;1483;466;Credit Card;15796,8;;;
ORD-11766;01/04/2023;James Anderson;Corporate;United States;North America;Clothing & Accessories;Cotton Formal Shirt;3;3769;30;7915;734;1528;PayPal;7914,9;;;
ORD-11657;27/08/2023;Richard Tanaka;Consumer;South Africa;Middle East & Africa;Clothing & Accessories;Silk Tie Collection;3;2947;10;7957;1483;2053;Credit Card;7956,9;;;
ORD-11759;09/06/2024;Amir Hassan;Consumer;United States;North America;Clothing & Accessories;Canvas Messenger Bag;3;2947;10;7957;121;2326;Credit Card;7956,9;;;
ORD-11442;03/12/2023;Chen Nilsson;Home Office;United Kingdom;Europe;Furniture;Monitor Riser Wood;4;4201;5;15964;1221;4661;PayPal;15963,8;;;
ORD-11135;06/03/2023;Lucas Anderson;Consumer;United Kingdom;Europe;Clothing & Accessories;Polarized Sunglasses;3;2957;10;7984;1088;246;Bank Transfer;7983,9;;;
ORD-10886;18/06/2025;Ava Clark;Consumer;United Kingdom;Europe;Clothing & Accessories;Leather Wallet Minimalist;4;4468;10;16085;1279;587;Credit Card;16084,8;;;
ORD-10235;19/09/2025;Robert Tanaka;Corporate;Spain;Europe;Furniture;Folding Table Portable;2;8522;5;16192;928;5038;Credit Card;16191,8;;;
ORD-10179;01/10/2025;Emma Johnson;Corporate;Australia;Asia Pacific;Technology;Noise Cancelling Earbuds;2;19058;15;32399;1264;10171;Credit Card;32398,6;;;
ORD-10047;17/09/2025;Karen Suzuki;Consumer;France;Europe;Furniture;Folding Table Portable;6;6416;15;32722;1104;852;Cash on Delivery;32721,6;;;
ORD-10580;17/10/2024;Maria Johnson;Corporate;United States;North America;Technology;Webcam HD 1080p;9;4548;20;32746;1043;919;Credit Card;32745,6;;;
ORD-10958;10/02/2024;John Zhang;Home Office;United Kingdom;Europe;Technology;Wireless Bluetooth Headphones;1;21625;5;20544;752;7898;PayPal;20543,75;;;
ORD-11044;27/09/2025;Ingrid Wang;Corporate;United States;North America;Office Supplies;Premium Notebook Set A5;7;1333;10;8398;1058;3141;Credit Card;8397,9;;;
ORD-11528;21/05/2025;Noah Nilsson;Consumer;United States;North America;Furniture;Bookshelf 5-Tier;2;13323;5;25314;633;8693;Bank Transfer;25313,7;;;
ORD-11949;02/11/2023;Fatima Yamamoto;Consumer;South Africa;Middle East & Africa;Office Supplies;Binder Clips Assorted 48pc;6;1497;5;8533;223;2261;PayPal;8532,9;;;
ORD-11359;20/01/2025;Michael Nilsson;Corporate;Argentina;South America;Technology;Noise Cancelling Earbuds;2;9546;10;17183;1434;5248;Credit Card;17182,8;;;
ORD-10483;01/07/2023;Noah Jones;Home Office;Australia;Asia Pacific;Technology;Portable External SSD 1TB;3;9731;10;26274;1503;8715;Credit Card;26273,7;;;
ORD-10902;18/11/2025;Olga Davis;Corporate;India;Asia Pacific;Furniture;Filing Cabinet 3-Drawer;1;19802;10;17822;993;4948;Cash on Delivery;17821,8;;;
ORD-10964;08/04/2024;Richard Kumar;Consumer;South Korea;Asia Pacific;Clothing & Accessories;Leather Belt Classic;9;3663;5;31319;1714;13121;Credit Card;31318,65;;;
ORD-11881;09/10/2024;Mia Jones;Home Office;France;Europe;Clothing & Accessories;Silk Tie Collection;8;4856;5;36906;2435;15047;PayPal;36905,6;;;
ORD-10418;05/08/2023;Michael Rodriguez;Consumer;Brazil;South America;Furniture;Standing Desk Converter;1;20662;10;18596;1169;503;Bank Transfer;18595,8;;;
ORD-11126;11/04/2025;David Park;Consumer;Nigeria;Middle East & Africa;Clothing & Accessories;Leather Belt Classic;11;3157;5;32991;2465;13163;Credit Card;32990,65;;;
ORD-10037;30/08/2025;Ivan Costa;Home Office;Germany;Europe;Furniture;Filing Cabinet 3-Drawer;2;22278;15;37873;994;10145;Credit Card;37872,6;;;
ORD-10628;19/09/2025;Joseph Wang;Home Office;Italy;Europe;Furniture;Standing Desk Converter;1;23711;20;18969;778;3964;Bank Transfer;18968,8;;;
ORD-11539;06/06/2023;Marco Martin;Consumer;Australia;Asia Pacific;Technology;Laptop Stand Adjustable;4;5929;20;18973;1359;457;Cash on Delivery;18972,8;;;
ORD-10714;10/08/2024;Hans Johnson;Consumer;France;Europe;Technology;Smart LED Desk Lamp;4;5934;20;18989;1293;4641;Cash on Delivery;18988,8;;;
ORD-11634;07/04/2024;Olivia Robinson;Consumer;Japan;Asia Pacific;Clothing & Accessories;Travel Backpack 30L;3;7034;10;18992;1467;6974;Credit Card;18991,8;;;
ORD-11632;08/03/2023;Elizabeth Ahmed;Corporate;Brazil;South America;Furniture;Ergonomic Office Chair;1;35467;5;33694;1241;11173;Credit Card;33693,65;;;
ORD-11319;30/10/2024;Raj Sato;Corporate;Brazil;South America;Office Supplies;Binder Clips Assorted 48pc;9;1189;10;9631;256;2256;PayPal;9630,9;;;
ORD-10450;29/03/2023;Ayumi Johnson;Consumer;Mexico;North America;Technology;Noise Cancelling Earbuds;4;11334;15;38536;819;12782;PayPal;38535,6;;;
ORD-10566;31/10/2025;Giulia Harris;Home Office;Italy;Europe;Technology;Wireless Bluetooth Headphones;2;21752;10;39154;85;14377;Bank Transfer;39153,6;;;
ORD-11222;18/11/2025;Fatima Fischer;Corporate;Mexico;North America;Furniture;Mesh Back Task Chair;2;28054;30;39276;647;4964;Cash on Delivery;39275,6;;;
ORD-10475;07/08/2024;Chen Anderson;Corporate;Mexico;North America;Technology;USB-C Hub Multiport Adapter;4;5777;15;19642;823;611;Credit Card;19641,8;;;
ORD-11968;13/12/2023;Karen Smith;Consumer;Spain;Europe;Furniture;Filing Cabinet 3-Drawer;5;10955;10;49298;1635;14798;Credit Card;49297,5;;;
ORD-10025;04/06/2023;Kenji Leroy;Corporate;Japan;Asia Pacific;Clothing & Accessories;Leather Belt Classic;6;3682;10;19883;1378;7459;Credit Card;19882,8;;;
ORD-10542;29/09/2025;Thomas Hassan;Corporate;Saudi Arabia;Middle East & Africa;Furniture;Mesh Back Task Chair;3;19005;10;51314;1704;15401;Bank Transfer;51313,5;;;
ORD-11346;05/12/2023;Jennifer Santos;Consumer;United States;North America;Furniture;Corner L-Shaped Desk;1;26321;20;21057;652;4612;PayPal;21056,8;;;
ORD-11725;31/05/2025;Maria Yamamoto;Consumer;South Korea;Asia Pacific;Technology;Wireless Ergonomic Mouse;6;3744;5;21341;1554;7432;Credit Card;21340,8;;;
ORD-11695;29/03/2025;Sophie Jackson;Consumer;Australia;Asia Pacific;Furniture;Corner L-Shaped Desk;1;26881;20;21505;1037;4339;Credit Card;21504,8;;;
ORD-11961;13/03/2024;Nadia Johansson;Home Office;Nigeria;Middle East & Africa;Furniture;Mesh Back Task Chair;4;11966;10;43078;1885;12475;PayPal;43077,6;;;
ORD-10365;25/11/2023;Ethan Khan;Corporate;Mexico;North America;Technology;USB-C Hub Multiport Adapter;6;4022;10;21719;1345;7101;Bank Transfer;21718,8;;;
ORD-11108;28/04/2024;Carlos Robinson;Corporate;Brazil;South America;Technology;Mechanical Gaming Keyboard;1;12834;15;10909;1104;2746;Bank Transfer;10908,9;;;
ORD-11613;30/08/2024;Ingrid Laurent;Consumer;Canada;North America;Clothing & Accessories;Canvas Messenger Bag;2;5771;5;10965;672;4522;Credit Card;10964,9;;;
ORD-11924;15/05/2024;Ethan Kumar;Corporate;Mexico;North America;Technology;Tablet Stand Holder;8;3231;15;21971;189;5865;Credit Card;21970,8;;;
ORD-11031;12/06/2023;James Suzuki;Corporate;United States;North America;Furniture;Floating Wall Shelves Set;6;4348;15;22175;1394;5128;Bank Transfer;22174,8;;;
ORD-11738;12/06/2024;Chen Tanaka;Corporate;China;Asia Pacific;Technology;Wireless Ergonomic Mouse;4;6592;15;22413;1279;6632;PayPal;22412,8;;;
ORD-10281;01/08/2023;Thomas Chen;Corporate;Brazil;South America;Furniture;Folding Table Portable;3;8344;10;22529;1517;5993;Bank Transfer;22528,8;;;
ORD-10042;17/06/2023;Amir Thompson;Corporate;South Africa;Middle East & Africa;Furniture;Floating Wall Shelves Set;9;3365;5;28771;1674;8926;Cash on Delivery;28770,75;;;
ORD-10748;16/08/2024;Richard Patel;Consumer;Japan;Asia Pacific;Clothing & Accessories;Silk Tie Collection;3;2047;5;5834;1167;1597;PayPal;5833,95;;;
ORD-10817;07/06/2023;Zara Rodriguez;Corporate;United Kingdom;Europe;Technology;Noise Cancelling Earbuds;4;7294;20;23341;1618;5676;Cash on Delivery;23340,8;;;
ORD-11246;25/08/2024;Felix Schmidt;Corporate;Canada;North America;Technology;Mechanical Gaming Keyboard;1;13241;10;11917;665;3969;Credit Card;11916,9;;;
ORD-10112;07/07/2023;Ahmed Thompson;Consumer;Italy;Europe;Clothing & Accessories;Silk Tie Collection;7;4303;20;24097;1631;7405;Credit Card;24096,8;;;
ORD-11595;05/03/2025;Hanna Williams;Corporate;Mexico;North America;Technology;Webcam HD 1080p;4;7102;15;24147;741;7782;PayPal;24146,8;;;
ORD-10919;13/08/2024;Priya Ferrari;Consumer;Mexico;North America;Technology;Webcam HD 1080p;4;6381;5;24248;1273;8937;PayPal;24247,8;;;
ORD-11206;06/05/2025;Christopher Jones;Consumer;Canada;North America;Technology;Portable External SSD 1TB;4;14404;15;48974;935;1635;PayPal;48973,6;;;
ORD-11938;16/09/2024;Isabella Johansson;Corporate;South Africa;Middle East & Africa;Furniture;Folding Table Portable;2;7307;15;12422;1398;2256;Credit Card;12421,9;;;
ORD-10289;28/04/2025;Chen Santos;Corporate;Japan;Asia Pacific;Technology;Tablet Stand Holder;7;1993;10;12556;2075;2808;PayPal;12555,9;;;
ORD-11844;05/06/2025;Linda Johnson;Consumer;India;Asia Pacific;Furniture;Mesh Back Task Chair;2;13372;5;25407;1355;8006;Cash on Delivery;25406,8;;;
ORD-10920;21/09/2023;Layla Fischer;Corporate;China;Asia Pacific;Technology;Portable External SSD 1TB;2;13732;5;26091;134;9646;PayPal;26090,8;;;
ORD-11537;25/08/2023;Pierre Romano;Consumer;Canada;North America;Technology;Portable External SSD 1TB;9;8215;10;66542;2138;2374;Bank Transfer;66541,5;;;
ORD-10070;15/03/2023;Amir Khan;Corporate;Nigeria;Middle East & Africa;Technology;Portable External SSD 1TB;5;14977;10;67397;1448;24762;PayPal;67396,5;;;
ORD-10579;22/10/2023;Barbara Davis;Home Office;France;Europe;Technology;Laptop Stand Adjustable;9;3348;10;27119;1256;929;Cash on Delivery;27118,8;;;
ORD-11236;17/01/2025;Clara Laurent;Corporate;United States;North America;Furniture;Bookshelf 5-Tier;6;7181;5;40932;1555;13525;Credit Card;40931,7;;;
ORD-10472;02/12/2025;Joseph Chen;Consumer;United States;North America;Clothing & Accessories;Business Casual Blazer;10;7225;5;68638;1264;31249;Credit Card;68637,5;;;
ORD-11573;24/09/2024;Mia Chen;Consumer;Spain;Europe;Technology;Wireless Bluetooth Headphones;2;8377;15;14241;805;4221;Credit Card;14240,9;;;
ORD-10890;05/10/2025;Olga Garcia;Corporate;Mexico;North America;Furniture;Corner L-Shaped Desk;2;30144;5;57274;789;20312;Credit Card;57273,6;;;
ORD-11328;31/08/2023;Mary Chen;Home Office;Germany;Europe;Technology;Portable External SSD 1TB;5;7629;5;36238;1914;13344;PayPal;36237,75;;;
ORD-10340;27/07/2024;Priya Weber;Consumer;South Korea;Asia Pacific;Furniture;Folding Table Portable;3;5154;5;14689;1614;3798;Credit Card;14688,9;;;
ORD-10078;07/04/2024;Olivia Nilsson;Consumer;Brazil;South America;Clothing & Accessories;Polarized Sunglasses;5;7797;5;37036;2041;15503;Credit Card;37035,75;;;
ORD-11947;30/09/2024;Olivia Johnson;Corporate;Brazil;South America;Technology;Mechanical Gaming Keyboard;1;16501;10;14851;1103;4672;PayPal;14850,9;;;
ORD-11149;18/05/2023;Clara Jackson;Consumer;Australia;Asia Pacific;Clothing & Accessories;Silk Tie Collection;8;4371;15;29723;2192;10047;PayPal;29722,8;;;
ORD-11940;03/11/2025;Hanna Hassan;Home Office;France;Europe;Technology;Portable External SSD 1TB;6;11054;10;59692;2112;21102;PayPal;59691,6;;;
ORD-10752;16/09/2023;Liam Laurent;Consumer;Mexico;North America;Furniture;Folding Table Portable;6;11059;10;59719;1112;18795;PayPal;59718,6;;;
ORD-10338;13/02/2024;Maria Zhang;Corporate;Argentina;South America;Technology;Portable External SSD 1TB;1;7861;5;7468;1174;197;Credit Card;7467,95;;;
ORD-11802;19/03/2024;Giulia Nilsson;Consumer;Japan;Asia Pacific;Clothing & Accessories;Sports Water Bottle 750ml;11;1511;10;14959;2186;4463;Credit Card;14958,9;;;
ORD-11155;11/06/2023;Noah Khan;Home Office;United States;North America;Technology;Portable External SSD 1TB;5;8803;15;37413;1663;11542;Credit Card;37412,75;;;
ORD-10663;09/10/2024;Hans Miller;Consumer;Italy;Europe;Technology;Portable External SSD 1TB;3;13535;5;38575;1211;15031;Credit Card;38574,75;;;
ORD-11671;23/02/2024;Jennifer Tanaka;Consumer;Canada;North America;Clothing & Accessories;Sports Water Bottle 750ml;7;2326;5;15468;1524;5803;Credit Card;15467,9;;;
ORD-10126;20/12/2023;Diego Thomas;Consumer;Nigeria;Middle East & Africa;Clothing & Accessories;Leather Wallet Minimalist;6;6486;20;31133;2584;9091;PayPal;31132,8;;;
ORD-11480;29/08/2024;Richard Costa;Consumer;Mexico;North America;Furniture;Standing Desk Converter;3;27781;15;70842;976;1986;PayPal;70841,55;;;
ORD-11259;20/04/2024;Karen Nilsson;Consumer;South Korea;Asia Pacific;Technology;Mechanical Gaming Keyboard;7;6705;15;39895;2408;11673;Bank Transfer;39894,75;;;
ORD-10494;13/12/2024;Ethan Johnson;Consumer;South Africa;Middle East & Africa;Furniture;Floating Wall Shelves Set;4;8466;5;32171;1355;10498;Bank Transfer;32170,8;;;
ORD-11148;31/12/2025;Barbara Jones;Consumer;Spain;Europe;Technology;Webcam HD 1080p;6;3179;15;16213;1519;4203;Bank Transfer;16212,9;;;
ORD-11208;31/01/2024;Thomas Suzuki;Corporate;United States;North America;Technology;Mechanical Gaming Keyboard;2;9697;15;16485;927;4891;Bank Transfer;16484,9;;;
ORD-11822;25/10/2024;Hanna Thomas;Corporate;Germany;Europe;Technology;Portable External SSD 1TB;2;9697;15;16485;899;4919;PayPal;16484,9;;;
ORD-11342;16/12/2025;Nadia Nilsson;Corporate;South Korea;Asia Pacific;Furniture;Bookshelf 5-Tier;5;18387;10;82742;1456;26125;Cash on Delivery;82741,5;;;
ORD-11101;27/03/2024;Hans Harris;Consumer;United States;North America;Technology;Portable External SSD 1TB;6;9917;15;50577;1335;16516;Credit Card;50576,7;;;
ORD-11605;27/10/2025;Hans Rossi;Consumer;France;Europe;Technology;Wireless Bluetooth Headphones;8;4709;10;33905;2061;11124;Bank Transfer;33904,8;;;
ORD-10944;30/10/2024;Mary White;Consumer;United States;North America;Furniture;Filing Cabinet 3-Drawer;3;21089;5;60104;1178;20966;Cash on Delivery;60103,65;;;
ORD-10954;19/08/2023;Mary Hassan;Home Office;United States;North America;Clothing & Accessories;Leather Wallet Minimalist;6;6417;10;34652;961;1444;PayPal;34651,8;;;
ORD-10068;11/10/2025;Amir Tanaka;Home Office;China;Asia Pacific;Clothing & Accessories;Leather Belt Classic;3;3509;15;8948;1575;2109;PayPal;8947,95;;;
ORD-10901;10/09/2024;Richard Tanaka;Corporate;India;Asia Pacific;Furniture;Ergonomic Office Chair;5;21438;15;91112;1893;24905;Credit Card;91111,5;;;
ORD-11727;08/03/2025;Robert Patel;Corporate;South Korea;Asia Pacific;Furniture;Filing Cabinet 3-Drawer;6;12818;5;73063;1596;25322;Cash on Delivery;73062,6;;;
ORD-11366;17/08/2025;Ingrid Nilsson;Corporate;South Korea;Asia Pacific;Furniture;Floating Wall Shelves Set;6;7012;10;37865;1358;11264;Credit Card;37864,8;;;
ORD-10820;22/08/2023;Christopher Williams;Home Office;Australia;Asia Pacific;Technology;Wireless Bluetooth Headphones;3;10041;5;28617;1629;1042;Credit Card;28616,85;;;
ORD-11601;06/09/2023;Sarah Jackson;Home Office;Brazil;South America;Furniture;Ergonomic Office Chair;2;42627;10;76729;1253;24324;Credit Card;76728,6;;;
ORD-11575;10/10/2023;Olga Müller;Consumer;United States;North America;Technology;Wireless Bluetooth Headphones;4;21107;5;80207;773;32999;PayPal;80206,6;;;
ORD-11087;05/09/2025;Thomas Oliveira;Corporate;UAE;Middle East & Africa;Furniture;Standing Desk Converter;1;24154;15;20531;1318;4721;Credit Card;20530,9;;;
ORD-10760;15/12/2025;Marco Taylor;Consumer;South Africa;Middle East & Africa;Furniture;Filing Cabinet 3-Drawer;3;24214;15;61746;1504;16657;Bank Transfer;61745,7;;;
ORD-10774;30/03/2025;Lucas Tanaka;Home Office;Saudi Arabia;Middle East & Africa;Technology;USB-C Hub Multiport Adapter;9;5088;10;41213;1734;14293;PayPal;41212,8;;;
ORD-10587;22/12/2023;James Ferrari;Consumer;Colombia;South America;Furniture;Corner L-Shaped Desk;3;37161;15;94761;1539;26332;Credit Card;94760,55;;;
ORD-10288;03/12/2023;Zara Leroy;Corporate;Japan;Asia Pacific;Furniture;Mesh Back Task Chair;4;11246;5;42735;1844;13901;Credit Card;42734,8;;;
ORD-11973;05/12/2024;Lucas Sato;Corporate;Canada;North America;Furniture;Standing Desk Converter;3;25001;10;67503;792;21709;PayPal;67502,7;;;
ORD-11197;22/10/2025;Robert Park;Consumer;United States;North America;Furniture;Monitor Riser Wood;11;4324;5;45186;288;13768;Credit Card;45185,8;;;
ORD-11869;30/11/2024;Linda Smith;Consumer;Mexico;North America;Furniture;Mesh Back Task Chair;6;12071;5;68805;1662;23687;Credit Card;68804,7;;;
ORD-10154;28/03/2024;Jessica Patel;Home Office;Mexico;North America;Technology;USB-C Hub Multiport Adapter;12;4047;5;46136;2785;16641;Cash on Delivery;46135,8;;;
ORD-11457;27/12/2023;Hanna Dubois;Corporate;Australia;Asia Pacific;Furniture;Bookshelf 5-Tier;2;13967;15;23744;1384;560;Credit Card;23743,9;;;
ORD-11837;05/10/2023;Richard Romano;Corporate;Brazil;South America;Furniture;Corner L-Shaped Desk;1;34077;30;23854;1154;2254;Bank Transfer;23853,9;;;
ORD-10272;09/12/2025;Jennifer Clark;Home Office;Spain;Europe;Furniture;Bookshelf 5-Tier;7;10798;5;71807;1314;25141;Cash on Delivery;71806,7;;;
ORD-10409;26/12/2023;Noah Ali;Consumer;Japan;Asia Pacific;Technology;Webcam HD 1080p;3;8534;5;24322;1071;917;Credit Card;24321,9;;;
ORD-11256;03/11/2025;Ivan Sato;Consumer;Spain;Europe;Furniture;Corner L-Shaped Desk;2;29784;15;50633;855;14037;Bank Transfer;50632,8;;;
ORD-10737;12/08/2023;Barbara Hassan;Consumer;Australia;Asia Pacific;Technology;Laptop Stand Adjustable;8;7546;15;51313;1619;16492;Credit Card;51312,8;;;
ORD-11783;13/10/2024;Li Miller;Consumer;United Kingdom;Europe;Furniture;Ergonomic Office Chair;4;27512;5;104546;1394;37123;PayPal;104545,6;;;
ORD-11372;10/01/2024;William Ahmed;Home Office;Mexico;North America;Technology;Wireless Bluetooth Headphones;2;15587;15;26498;643;8709;PayPal;26497,9;;;
ORD-10786;13/08/2024;Jessica Suzuki;Corporate;India;Asia Pacific;Technology;Wireless Bluetooth Headphones;4;14728;10;53021;122;19399;Cash on Delivery;53020,8;;;
ORD-10717;28/10/2023;Elizabeth Johansson;Consumer;Brazil;South America;Furniture;Mesh Back Task Chair;5;18381;25;68929;2065;11721;Credit Card;68928,75;;;
ORD-11463;16/12/2023;Ingrid Zhang;Corporate;Australia;Asia Pacific;Technology;Mechanical Gaming Keyboard;8;8521;15;57943;1375;19076;PayPal;57942,8;;;
ORD-10283;15/07/2023;Hans Singh;Home Office;Spain;Europe;Furniture;Filing Cabinet 3-Drawer;4;16193;10;58295;1019;18413;Bank Transfer;58294,8;;;
ORD-11072;18/07/2025;Oscar Chen;Corporate;Mexico;North America;Technology;Mechanical Gaming Keyboard;7;14311;25;75133;197;18066;PayPal;75132,75;;;
ORD-10784;01/06/2025;Christopher Hassan;Consumer;Mexico;North America;Furniture;Standing Desk Converter;9;14846;10;120253;2688;37397;Cash on Delivery;120252,6;;;
ORD-11645;30/05/2025;Wei Harris;Corporate;South Korea;Asia Pacific;Furniture;Desk Organizer Set;9;5427;5;46401;2191;14904;PayPal;46400,85;;;
ORD-11036;03/01/2025;David Rossi;Consumer;Nigeria;Middle East & Africa;Furniture;Corner L-Shaped Desk;3;21908;5;62438;1697;21307;Credit Card;62437,8;;;
ORD-11760;04/02/2023;Sakura Thomas;Corporate;Argentina;South America;Technology;Webcam HD 1080p;7;7923;15;47142;1984;14654;Cash on Delivery;47141,85;;;
ORD-11819;03/05/2025;Mia Johansson;Consumer;Japan;Asia Pacific;Furniture;Standing Desk Converter;5;16665;5;79159;1399;27765;Bank Transfer;79158,75;;;
ORD-11403;24/01/2025;Hanna Weber;Consumer;Canada;North America;Furniture;Mesh Back Task Chair;5;18671;15;79352;1133;22206;Bank Transfer;79351,75;;;
ORD-10062;19/11/2025;Liam Martin;Consumer;Argentina;South America;Clothing & Accessories;Business Casual Blazer;3;11234;5;32017;1263;13903;Credit Card;32016,9;;;
ORD-10053;07/09/2025;Diego Miller;Home Office;Australia;Asia Pacific;Furniture;Bookshelf 5-Tier;2;19517;15;33179;1046;8713;Credit Card;33178,9;;;
ORD-11965;09/10/2024;Layla Patel;Consumer;Mexico;North America;Furniture;Corner L-Shaped Desk;1;37121;10;33409;56;10576;Credit Card;33408,9;;;
ORD-11489;10/04/2024;Olga Anderson;Home Office;China;Asia Pacific;Technology;Noise Cancelling Earbuds;1;19887;15;16904;1072;4894;Credit Card;16903,95;;;
ORD-11796;26/02/2025;Karen Suzuki;Home Office;Japan;Asia Pacific;Technology;Noise Cancelling Earbuds;2;18251;5;34677;1049;13552;Bank Transfer;34676,9;;;
ORD-10991;09/04/2024;Marco Weber;Consumer;United States;North America;Furniture;Standing Desk Converter;5;18493;5;87842;77;31593;PayPal;87841,75;;;
ORD-11172;29/11/2025;Kenji Wang;Consumer;China;Asia Pacific;Technology;Tablet Stand Holder;13;3137;10;36703;3863;1041;Cash on Delivery;36702,9;;;
ORD-11317;02/05/2025;John Pereira;Consumer;United States;North America;Furniture;Standing Desk Converter;5;21751;15;92442;1681;25508;Credit Card;92441,75;;;
ORD-11820;17/03/2025;Mia Anderson;Consumer;France;Europe;Furniture;Filing Cabinet 3-Drawer;3;13747;10;37117;127;11102;PayPal;37116,9;;;
ORD-10731;24/10/2025;Ingrid Jackson;Home Office;China;Asia Pacific;Furniture;Folding Table Portable;8;9863;5;74959;2557;2506;Credit Card;74958,8;;;
ORD-10600;19/09/2023;Kenji Taylor;Consumer;Japan;Asia Pacific;Furniture;Mesh Back Task Chair;4;19776;5;75149;1567;2612;PayPal;75148,8;;;
ORD-11324;27/05/2024;Omar Nilsson;Consumer;Spain;Europe;Technology;Portable External SSD 1TB;15;14285;10;192848;2272;72725;Cash on Delivery;192847,5;;;
ORD-10188;30/12/2025;Elizabeth Müller;Home Office;Italy;Europe;Furniture;Mesh Back Task Chair;5;20417;5;96981;1846;33884;PayPal;96980,75;;;
ORD-11322;10/06/2023;Amir Chen;Consumer;Canada;North America;Furniture;Ergonomic Office Chair;3;22947;15;58515;983;16227;Credit Card;58514,85;;;
ORD-11349;20/07/2023;Liam Clark;Consumer;Argentina;South America;Technology;Mechanical Gaming Keyboard;13;14533;5;179483;3604;71968;Cash on Delivery;179482,55;;;
ORD-10278;24/06/2024;Marco Sharma;Consumer;Argentina;South America;Furniture;Standing Desk Converter;7;30329;15;180458;1854;51222;PayPal;180457,55;;;
ORD-10362;14/11/2023;Jennifer Romano;Corporate;Spain;Europe;Furniture;Standing Desk Converter;3;16218;15;41356;1053;11111;Cash on Delivery;41355,9;;;
ORD-10778;08/04/2025;Raj Harris;Consumer;United States;North America;Furniture;Standing Desk Converter;6;15497;10;83684;1394;26501;Credit Card;83683,8;;;
ORD-10781;25/08/2025;Ava Fischer;Corporate;Germany;Europe;Technology;Wireless Bluetooth Headphones;13;16129;20;167742;2716;49704;Credit Card;167741,6;;;
ORD-10220;08/12/2023;Elizabeth Weber;Consumer;Italy;Europe;Furniture;Monitor Riser Wood;7;6753;10;42544;1211;1297;Bank Transfer;42543,9;;;
ORD-11501;07/08/2023;Wei Yamamoto;Corporate;Spain;Europe;Clothing & Accessories;Canvas Messenger Bag;3;7547;5;21509;104;9148;Bank Transfer;21508,95;;;
ORD-10132;26/03/2023;Fatima Singh;Corporate;Argentina;South America;Technology;Wireless Bluetooth Headphones;5;23945;5;113739;1461;46429;PayPal;113738,75;;;
ORD-11506;21/11/2024;Clara Miller;Corporate;South Africa;Middle East & Africa;Furniture;Standing Desk Converter;5;23949;5;113758;1788;40123;PayPal;113757,75;;;
ORD-11910;02/12/2023;Amir Laurent;Home Office;Canada;North America;Furniture;Bookshelf 5-Tier;6;19106;20;91709;1984;20943;Credit Card;91708,8;;;
ORD-10634;21/04/2025;Priya Sharma;Corporate;United States;North America;Furniture;Folding Table Portable;13;8496;15;93881;3207;24405;Cash on Delivery;93880,8;;;
ORD-10718;08/01/2024;Ivan Li;Consumer;United States;North America;Furniture;Corner L-Shaped Desk;4;25986;5;98747;1335;35046;Credit Card;98746,8;;;
ORD-10745;03/02/2023;Yuki Kumar;Corporate;Canada;North America;Furniture;Standing Desk Converter;4;27483;10;98939;1028;31952;Credit Card;98938,8;;;
ORD-10927;27/08/2023;Michael Khan;Corporate;Canada;North America;Furniture;Corner L-Shaped Desk;3;18514;5;52765;942;18498;PayPal;52764,9;;;
ORD-10767;03/10/2024;Omar Thompson;Consumer;United Kingdom;Europe;Furniture;Ergonomic Office Chair;4;28766;5;109311;1579;38694;Cash on Delivery;109310,8;;;
ORD-10754;30/03/2024;Chen Patel;Corporate;Germany;Europe;Furniture;Filing Cabinet 3-Drawer;6;20347;10;109874;1313;35312;Credit Card;109873,8;;;
ORD-11102;17/11/2025;William Sato;Corporate;Italy;Europe;Technology;Wireless Ergonomic Mouse;7;4183;5;27817;1079;10633;PayPal;27816,95;;;
ORD-11421;22/01/2025;Karen Santos;Consumer;United Kingdom;Europe;Furniture;Ergonomic Office Chair;8;16273;5;123675;2192;43373;Bank Transfer;123674,8;;;
ORD-11702;06/01/2023;Thomas Smith;Consumer;China;Asia Pacific;Furniture;Standing Desk Converter;2;33411;5;63481;1192;22196;Bank Transfer;63480,9;;;
ORD-11576;03/11/2023;Sarah Sharma;Consumer;France;Europe;Technology;Noise Cancelling Earbuds;7;9546;5;63481;2014;24715;Cash on Delivery;63480,9;;;
ORD-10875;19/07/2025;Patricia Pereira;Corporate;Spain;Europe;Furniture;Corner L-Shaped Desk;4;36748;10;132293;983;43115;Credit Card;132292,8;;;
ORD-11153;28/07/2024;Sarah Chen;Consumer;Germany;Europe;Furniture;Mesh Back Task Chair;11;29608;5;309404;2346;111645;Bank Transfer;309403,6;;;
ORD-11603;03/07/2023;Lucas Chen;Corporate;Saudi Arabia;Middle East & Africa;Furniture;Standing Desk Converter;7;30968;20;173421;1994;41361;Credit Card;173420,8;;;
ORD-11270;10/02/2023;Isabella White;Consumer;Germany;Europe;Technology;Portable External SSD 1TB;9;11198;5;95743;2438;37875;Credit Card;95742,9;;;
ORD-10522;25/06/2025;Lucas Nilsson;Corporate;Germany;Europe;Furniture;Mesh Back Task Chair;8;28478;5;216433;2598;77141;Bank Transfer;216432,8;;;
ORD-11032;25/06/2025;Jamal Robinson;Corporate;Japan;Asia Pacific;Technology;Wireless Bluetooth Headphones;11;6131;5;64069;3382;23594;PayPal;64068,95;;;
ORD-11675;22/04/2024;Karen Sato;Corporate;Brazil;South America;Furniture;Corner L-Shaped Desk;8;36339;10;261641;2716;84498;Credit Card;261640,8;;;
ORD-10923;08/02/2024;Hans Martinez;Consumer;Japan;Asia Pacific;Furniture;Ergonomic Office Chair;6;44399;15;226435;1829;6477;Credit Card;226434,9;;;
ORD-11469;01/05/2025;Jennifer Harris;Corporate;Colombia;South America;Clothing & Accessories;Travel Backpack 30L;8;340;30;1904;1518;3922;Cash on Delivery;1904;;;
ORD-10413;18/02/2024;Li Laurent;Consumer;United States;North America;Furniture;Ergonomic Office Chair;7;42966;0;300762;1326;118979;PayPal;300762;;;
ORD-11706;08/07/2024;Priya Oliveira;Consumer;United Kingdom;Europe;Furniture;Ergonomic Office Chair;10;30538;5;290111;1457;105426;Credit Card;290111;;;
ORD-11624;21/02/2023;Felix Thompson;Consumer;Canada;North America;Furniture;Ergonomic Office Chair;6;47256;0;283536;1909;111505;PayPal;283536;;;
ORD-10359;24/05/2024;Marco Santos;Consumer;Mexico;North America;Furniture;Corner L-Shaped Desk;13;20156;0;262028;3062;101749;Credit Card;262028;;;
ORD-11490;01/11/2025;Wei Jackson;Home Office;United Kingdom;Europe;Furniture;Standing Desk Converter;10;32082;20;256656;270;61464;Bank Transfer;256656;;;
ORD-10536;20/09/2025;Joseph Weber;Consumer;Spain;Europe;Furniture;Standing Desk Converter;7;31146;0;218022;1181;86028;Cash on Delivery;218022;;;
ORD-11829;19/04/2025;Nadia Wang;Consumer;Spain;Europe;Furniture;Ergonomic Office Chair;7;29409;0;205863;151;80835;PayPal;205863;;;
ORD-10170;27/09/2025;Fatima Li;Corporate;Mexico;North America;Technology;Noise Cancelling Earbuds;10;19845;10;178605;2678;66779;Credit Card;178605;;;
ORD-10087;02/04/2025;Omar Schmidt;Corporate;Canada;North America;Furniture;Standing Desk Converter;8;22257;0;178056;1029;70193;PayPal;178056;;;
ORD-10146;11/06/2023;Ethan Park;Home Office;Canada;North America;Furniture;Corner L-Shaped Desk;5;33647;0;168235;1578;65716;Credit Card;168235;;;
ORD-11309;27/12/2024;Giulia Johansson;Consumer;Japan;Asia Pacific;Furniture;Corner L-Shaped Desk;4;41686;0;166744;1327;65371;Cash on Delivery;166744;;;
ORD-11083;02/01/2025;Ivan Jones;Consumer;Mexico;North America;Furniture;Filing Cabinet 3-Drawer;7;23412;0;163884;1077;64477;PayPal;163884;;;
ORD-10625;15/07/2023;Olga Schmidt;Consumer;South Korea;Asia Pacific;Furniture;Ergonomic Office Chair;7;23389;0;163723;2129;6336;Credit Card;163723;;;
ORD-10011;21/09/2024;James Ferrari;Consumer;Canada;North America;Technology;Mechanical Gaming Keyboard;9;16414;0;147726;1825;64652;Credit Card;147726;;;
ORD-11631;02/04/2023;Lucas Kim;Consumer;Saudi Arabia;Middle East & Africa;Furniture;Standing Desk Converter;6;24126;0;144756;1456;56446;Credit Card;144756;;;
ORD-10738;23/08/2023;Liam Ali;Home Office;Italy;Europe;Technology;Wireless Bluetooth Headphones;9;15674;0;141066;1534;61946;PayPal;141066;;;
ORD-11061;19/07/2023;Omar Müller;Consumer;China;Asia Pacific;Technology;Mechanical Gaming Keyboard;10;13395;10;120555;2146;44736;Credit Card;120555;;;
ORD-10761;23/12/2024;Liam Russo;Consumer;Germany;Europe;Furniture;Standing Desk Converter;7;21235;20;118916;1404;28325;PayPal;118916;;;
ORD-11863;03/12/2023;Isabella Rossi;Home Office;Canada;North America;Furniture;Ergonomic Office Chair;5;23371;0;116855;894;45848;Bank Transfer;116855;;;
ORD-11292;21/04/2023;Sakura Dubois;Consumer;Germany;Europe;Furniture;Filing Cabinet 3-Drawer;10;13646;15;115991;1775;3234;Cash on Delivery;115991;;;
ORD-11683;09/02/2023;Zara Costa;Consumer;United Kingdom;Europe;Furniture;Folding Table Portable;9;12693;0;114237;2314;43381;PayPal;114237;;;
ORD-11850;02/07/2024;Omar Williams;Consumer;Mexico;North America;Furniture;Standing Desk Converter;7;15704;0;109928;1012;42959;Credit Card;109928;;;
ORD-11357;10/10/2023;Liam Davis;Consumer;United Kingdom;Europe;Furniture;Mesh Back Task Chair;5;21645;0;108225;1623;41667;Bank Transfer;108225;;;
ORD-10677;01/12/2023;Ivan Jones;Corporate;Mexico;North America;Furniture;Standing Desk Converter;4;33619;25;100857;815;19356;Credit Card;100857;;;
ORD-10059;27/05/2024;William Ferrari;Consumer;France;Europe;Technology;Mechanical Gaming Keyboard;6;17505;10;94527;2141;34619;Cash on Delivery;94527;;;
ORD-10699;14/01/2025;Priya Ferrari;Consumer;Canada;North America;Technology;Wireless Bluetooth Headphones;5;18501;0;92505;1111;40516;Bank Transfer;92505;;;
ORD-11152;18/05/2024;Jessica Russo;Home Office;India;Asia Pacific;Furniture;Mesh Back Task Chair;6;15162;0;90972;156;34829;Cash on Delivery;90972;;;
ORD-10652;06/05/2023;Pierre Fischer;Consumer;Japan;Asia Pacific;Technology;Wireless Bluetooth Headphones;5;18139;0;90695;1361;39452;Bank Transfer;90695;;;
ORD-10150;17/11/2024;Zara Williams;Consumer;Japan;Asia Pacific;Technology;Noise Cancelling Earbuds;7;12389;0;86723;1956;37069;Credit Card;86723;;;
ORD-11012;20/07/2025;Diego Russo;Consumer;Colombia;South America;Furniture;Bookshelf 5-Tier;7;12359;0;86513;1752;32853;Bank Transfer;86513;;;
ORD-11167;22/07/2023;Christopher Davis;Consumer;France;Europe;Technology;Noise Cancelling Earbuds;5;16791;0;83955;1517;36263;Cash on Delivery;83955;;;
ORD-10612;22/05/2025;Ingrid Romano;Consumer;France;Europe;Furniture;Mesh Back Task Chair;5;17588;5;83543;1332;29447;Credit Card;83543;;;
ORD-11464;06/07/2023;Chen Jones;Home Office;Japan;Asia Pacific;Furniture;Bookshelf 5-Tier;4;19407;0;77628;1142;29909;Credit Card;77628;;;
ORD-11028;08/11/2025;Ayumi Singh;Consumer;India;Asia Pacific;Clothing & Accessories;Business Casual Blazer;6;12918;0;77508;1289;37465;Credit Card;77508;;;
ORD-10225;01/08/2023;Noah Smith;Corporate;France;Europe;Technology;Mechanical Gaming Keyboard;10;10458;30;73206;1485;14202;Credit Card;73206;;;
ORD-11165;26/07/2024;Wei Sato;Consumer;Canada;North America;Technology;Wireless Bluetooth Headphones;5;14201;0;71005;1204;30748;Credit Card;71005;;;
ORD-10160;09/12/2024;Ivan Moreau;Consumer;Canada;North America;Technology;Mechanical Gaming Keyboard;4;17186;0;68744;1348;29587;PayPal;68744;;;
ORD-10870;19/06/2025;Emma Jones;Home Office;Mexico;North America;Furniture;Corner L-Shaped Desk;3;22794;0;68382;986;26367;Credit Card;68382;;;
ORD-10603;19/07/2025;Noah Russo;Consumer;United Kingdom;Europe;Clothing & Accessories;Business Casual Blazer;8;9455;10;68076;2209;28047;PayPal;68076;;;
ORD-11544;10/09/2023;Noah Moreau;Corporate;Italy;Europe;Furniture;Filing Cabinet 3-Drawer;10;8362;20;66896;312;13604;Cash on Delivery;66896;;;
ORD-10862;16/09/2025;Isabella Khan;Home Office;Canada;North America;Furniture;Standing Desk Converter;2;33031;0;66062;651;25774;Credit Card;66062;;;
ORD-10645;14/12/2024;Ahmed Thomas;Corporate;Colombia;South America;Furniture;Corner L-Shaped Desk;2;32954;0;65908;1254;25109;PayPal;65908;;;
ORD-10317;05/03/2025;Ingrid Williams;Corporate;France;Europe;Furniture;Ergonomic Office Chair;4;16397;0;65588;1675;2456;PayPal;65588;;;
ORD-10297;07/02/2024;Hans Patel;Corporate;South Korea;Asia Pacific;Clothing & Accessories;Canvas Messenger Bag;12;5417;0;65004;381;28692;Bank Transfer;65004;;;
ORD-11770;06/12/2023;Lucas Li;Corporate;India;Asia Pacific;Furniture;Corner L-Shaped Desk;3;21654;0;64962;1639;24346;Credit Card;64962;;;
ORD-11731;21/04/2023;Barbara Suzuki;Consumer;Canada;North America;Furniture;Corner L-Shaped Desk;2;30879;0;61758;721;23982;Credit Card;61758;;;
ORD-11042;26/01/2025;Thomas Laurent;Consumer;China;Asia Pacific;Furniture;Ergonomic Office Chair;2;30648;0;61296;113;23388;Credit Card;61296;;;
ORD-10769;18/04/2023;Barbara Thomas;Corporate;UAE;Middle East & Africa;Technology;Wireless Bluetooth Headphones;9;6771;0;60939;2143;2528;PayPal;60939;;;
ORD-10915;08/03/2023;Ahmed Harris;Consumer;Brazil;South America;Furniture;Floating Wall Shelves Set;6;9969;0;59814;1801;22125;Credit Card;59814;;;
ORD-11435;18/05/2023;Lucas Khan;Consumer;United States;North America;Furniture;Mesh Back Task Chair;2;29524;0;59048;907;22712;PayPal;59048;;;
ORD-10725;18/11/2023;Giulia Rossi;Corporate;Australia;Asia Pacific;Technology;Laptop Stand Adjustable;11;5368;0;59048;1916;24656;PayPal;59048;;;
ORD-11693;10/12/2025;Carlos Rodriguez;Corporate;Brazil;South America;Furniture;Bookshelf 5-Tier;3;19457;0;58371;138;21968;Credit Card;58371;;;
ORD-10594;21/02/2023;Ayumi Khan;Consumer;United States;North America;Technology;Smart LED Desk Lamp;8;7289;0;58312;1427;24813;Credit Card;58312;;;
ORD-10402;14/01/2023;Jamal Schmidt;Consumer;Mexico;North America;Furniture;Folding Table Portable;6;9658;0;57948;1022;22157;Credit Card;57948;;;
ORD-11008;26/04/2023;Marco Taylor;Consumer;Mexico;North America;Furniture;Bookshelf 5-Tier;3;19255;0;57765;1026;2208;Credit Card;57765;;;
ORD-11993;09/01/2024;Hanna Taylor;Home Office;Mexico;North America;Furniture;Ergonomic Office Chair;3;19253;0;57759;1009;22095;Credit Card;57759;;;
ORD-10785;09/11/2024;Ayumi Laurent;Consumer;Argentina;South America;Furniture;Mesh Back Task Chair;2;28851;0;57702;1332;21749;Bank Transfer;57702;;;
ORD-10969;30/11/2024;Jessica Moreau;Corporate;United Kingdom;Europe;Clothing & Accessories;Business Casual Blazer;7;8197;0;57379;1703;26987;PayPal;57379;;;
ORD-10312;03/10/2024;Lucas Nilsson;Consumer;United Kingdom;Europe;Technology;Mechanical Gaming Keyboard;4;14259;0;57036;1188;24478;PayPal;57036;;;
ORD-11420;16/08/2025;Olga Yamamoto;Corporate;Germany;Europe;Technology;Portable External SSD 1TB;4;14199;0;56796;1511;24047;Bank Transfer;56796;;;
ORD-10857;10/09/2024;Layla Johansson;Consumer;United Kingdom;Europe;Technology;Mechanical Gaming Keyboard;10;6296;10;56664;1953;20083;PayPal;56664;;;
ORD-11956;16/03/2024;Hanna Müller;Consumer;Saudi Arabia;Middle East & Africa;Technology;Noise Cancelling Earbuds;3;18716;0;56148;1551;23716;Cash on Delivery;56148;;;
ORD-11608;01/11/2025;Isabella Sato;Consumer;Argentina;South America;Clothing & Accessories;Travel Backpack 30L;6;9298;0;55788;1867;26027;PayPal;55788;;;
ORD-11957;26/01/2025;Barbara Singh;Consumer;United States;North America;Technology;Portable External SSD 1TB;6;9296;0;55776;1011;24088;Bank Transfer;55776;;;
ORD-10798;02/09/2025;Pierre Anderson;Corporate;China;Asia Pacific;Furniture;Monitor Riser Wood;10;6171;10;55539;2735;15778;Credit Card;55539;;;
ORD-11997;17/03/2024;Barbara Sato;Consumer;United States;North America;Furniture;Mesh Back Task Chair;3;18509;0;55527;937;21274;Credit Card;55527;;;
ORD-10437;07/03/2024;Nadia Harris;Corporate;China;Asia Pacific;Clothing & Accessories;Business Casual Blazer;5;11065;0;55325;1318;26344;Credit Card;55325;;;
ORD-10534;30/05/2025;Thomas Weber;Home Office;South Africa;Middle East & Africa;Technology;Portable External SSD 1TB;5;11516;5;54701;1663;21369;Cash on Delivery;54701;;;
ORD-11081;07/10/2025;Amir Williams;Consumer;Mexico;North America;Technology;Wireless Ergonomic Mouse;9;6042;0;54378;1246;23224;Credit Card;54378;;;
ORD-10970;12/01/2025;Diego Kim;Consumer;United Kingdom;Europe;Clothing & Accessories;Leather Wallet Minimalist;10;5684;5;53998;2476;23102;Cash on Delivery;53998;;;
ORD-10823;31/12/2025;Linda Nilsson;Consumer;France;Europe;Furniture;Folding Table Portable;5;10473;0;52365;191;19036;PayPal;52365;;;
ORD-10676;17/03/2023;Wei Chen;Consumer;Saudi Arabia;Middle East & Africa;Technology;Mechanical Gaming Keyboard;3;17446;0;52338;1465;22087;Credit Card;52338;;;
ORD-10499;21/10/2023;Felix Müller;Corporate;Japan;Asia Pacific;Furniture;Folding Table Portable;5;12798;20;51192;1319;11479;Credit Card;51192;;;
ORD-10071;05/04/2023;Richard Müller;Consumer;United States;North America;Furniture;Ergonomic Office Chair;2;25268;0;50536;812;19402;PayPal;50536;;;
ORD-11449;17/12/2023;Giulia Johnson;Corporate;South Korea;Asia Pacific;Technology;Wireless Bluetooth Headphones;3;16663;0;49989;1484;21011;Bank Transfer;49989;;;
ORD-10527;12/02/2023;Hanna Ahmed;Consumer;Saudi Arabia;Middle East & Africa;Clothing & Accessories;Travel Backpack 30L;8;8013;25;48078;1817;14209;Bank Transfer;48078;;;
ORD-11443;28/02/2025;Ayumi Clark;Home Office;United States;North America;Furniture;Ergonomic Office Chair;2;23993;0;47986;698;18496;Credit Card;47986;;;
ORD-11771;27/06/2023;James Tanaka;Consumer;Saudi Arabia;Middle East & Africa;Furniture;Floating Wall Shelves Set;5;9463;0;47315;1891;17035;Credit Card;47315;;;
ORD-10558;16/08/2023;Susan Wang;Consumer;Argentina;South America;Clothing & Accessories;Travel Backpack 30L;6;7877;0;47262;1975;21656;PayPal;47262;;;
ORD-11507;09/02/2023;Zara Suzuki;Consumer;Canada;North America;Furniture;Bookshelf 5-Tier;4;11802;0;47208;79;18093;Bank Transfer;47208;;;
ORD-10172;22/04/2025;Amina Singh;Consumer;Mexico;North America;Technology;Noise Cancelling Earbuds;3;15555;0;46665;951;20048;PayPal;46665;;;
ORD-10984;21/09/2023;Sarah Khan;Home Office;Brazil;South America;Technology;Noise Cancelling Earbuds;3;15334;0;46002;1646;19055;Credit Card;46002;;;
ORD-10194;29/05/2025;Patricia Zhang;Corporate;Mexico;North America;Furniture;Filing Cabinet 3-Drawer;5;11498;20;45992;813;10685;Credit Card;45992;;;
ORD-10876;19/06/2023;Karen Wang;Corporate;Saudi Arabia;Middle East & Africa;Furniture;Standing Desk Converter;4;11401;0;45604;1378;16864;PayPal;45604;;;
ORD-10355;05/05/2024;Nadia Costa;Consumer;Canada;North America;Furniture;Folding Table Portable;4;11268;0;45072;1294;16735;Bank Transfer;45072;;;
ORD-11054;23/10/2024;Ingrid Martinez;Home Office;Canada;North America;Furniture;Mesh Back Task Chair;5;9404;5;44669;142;15037;PayPal;44669;;;
ORD-10640;28/04/2024;Wei Rodriguez;Consumer;China;Asia Pacific;Furniture;Mesh Back Task Chair;2;24225;10;43605;1098;13437;Credit Card;43605;;;
ORD-11263;14/02/2024;Susan Zhang;Consumer;Saudi Arabia;Middle East & Africa;Clothing & Accessories;Business Casual Blazer;4;10896;0;43584;1891;19901;Cash on Delivery;43584;;;
ORD-11470;06/11/2023;Diego Robinson;Corporate;China;Asia Pacific;Furniture;Folding Table Portable;4;12745;15;43333;1243;11502;Credit Card;43333;;;
ORD-11045;18/05/2023;Diego Schmidt;Corporate;South Africa;Middle East & Africa;Furniture;Filing Cabinet 3-Drawer;2;21452;0;42904;1539;15623;Credit Card;42904;;;
ORD-10780;27/01/2023;David Anderson;Consumer;Saudi Arabia;Middle East & Africa;Furniture;Ergonomic Office Chair;2;21213;0;42426;1472;15498;Cash on Delivery;42426;;;
ORD-11166;10/03/2025;Hans Müller;Consumer;Nigeria;Middle East & Africa;Furniture;Corner L-Shaped Desk;1;41859;0;41859;1247;15497;Credit Card;41859;;;
ORD-11207;22/11/2024;Oscar Zhang;Consumer;United Kingdom;Europe;Technology;Smart LED Desk Lamp;10;4643;10;41787;2239;14011;Credit Card;41787;;;
ORD-11577;22/04/2025;Xiao White;Corporate;Germany;Europe;Furniture;Filing Cabinet 3-Drawer;3;13855;0;41565;902;15724;PayPal;41565;;;
ORD-10795;13/11/2023;Christopher Leroy;Corporate;Germany;Europe;Furniture;Monitor Riser Wood;8;6455;20;41312;2098;823;Credit Card;41312;;;
ORD-11853;05/11/2024;Elizabeth Johnson;Home Office;Canada;North America;Technology;Laptop Stand Adjustable;7;5873;0;41111;1917;16583;Bank Transfer;41111;;;
ORD-11741;07/11/2025;William Ali;Home Office;China;Asia Pacific;Furniture;Folding Table Portable;4;10208;0;40832;1868;14465;Credit Card;40832;;;
ORD-10010;01/01/2024;James Li;Home Office;Mexico;North America;Technology;Portable External SSD 1TB;3;13575;0;40725;874;17452;Credit Card;40725;;;
ORD-11673;02/03/2023;Elizabeth Moreau;Home Office;Australia;Asia Pacific;Technology;Wireless Bluetooth Headphones;2;20132;0;40264;1372;16747;PayPal;40264;;;
ORD-11570;25/12/2025;Isabella Thomas;Home Office;South Korea;Asia Pacific;Clothing & Accessories;Travel Backpack 30L;5;8814;10;39663;1538;1609;PayPal;39663;;;
ORD-11985;05/06/2025;Richard Leroy;Corporate;Japan;Asia Pacific;Technology;Mechanical Gaming Keyboard;4;13214;25;39642;1665;8906;PayPal;39642;;;
ORD-10561;10/10/2023;Sophie Martinez;Corporate;Germany;Europe;Clothing & Accessories;Polarized Sunglasses;7;7492;25;39333;1773;11338;PayPal;39333;;;
ORD-11516;19/07/2025;Michael Ahmed;Consumer;Canada;North America;Furniture;Corner L-Shaped Desk;2;19601;0;39202;909;14772;Credit Card;39202;;;
ORD-11456;04/02/2024;Ahmed Singh;Corporate;United States;North America;Technology;Portable External SSD 1TB;4;9659;0;38636;886;1650;PayPal;38636;;;
ORD-10166;08/09/2025;Jennifer Pereira;Consumer;Saudi Arabia;Middle East & Africa;Technology;Webcam HD 1080p;8;4819;0;38552;1804;15544;Bank Transfer;38552;;;
ORD-11936;11/12/2023;Wei Santos;Consumer;Australia;Asia Pacific;Clothing & Accessories;Business Casual Blazer;3;12607;0;37821;1614;17296;Bank Transfer;37821;;;
ORD-11354;25/08/2025;Olga Leroy;Corporate;UAE;Middle East & Africa;Furniture;Corner L-Shaped Desk;1;37792;0;37792;1311;13806;PayPal;37792;;;
ORD-11182;11/07/2023;Elizabeth Harris;Corporate;Mexico;North America;Technology;Webcam HD 1080p;6;6293;0;37758;1389;15602;Bank Transfer;37758;;;
ORD-11274;19/11/2025;Kenji Hassan;Corporate;India;Asia Pacific;Furniture;Filing Cabinet 3-Drawer;2;18836;0;37672;1335;13734;Bank Transfer;37672;;;
ORD-10491;01/12/2024;Sarah Santos;Consumer;Colombia;South America;Technology;Portable External SSD 1TB;6;6259;0;37554;2328;14571;Credit Card;37554;;;
ORD-11284;10/03/2024;Emma Moreau;Consumer;Germany;Europe;Technology;Laptop Stand Adjustable;5;7385;0;36925;194;14676;Cash on Delivery;36925;;;
ORD-11198;04/05/2024;Olivia Williams;Consumer;India;Asia Pacific;Technology;Mechanical Gaming Keyboard;5;7716;5;36651;1979;13453;Credit Card;36651;;;
ORD-10089;17/07/2025;Li Suzuki;Consumer;Canada;North America;Furniture;Standing Desk Converter;2;17814;0;35628;981;1327;PayPal;35628;;;
ORD-10732;04/05/2024;Lucas Russo;Home Office;Italy;Europe;Technology;Tablet Stand Holder;10;3928;10;35352;3189;10559;Credit Card;35352;;;
ORD-11730;19/01/2025;Robert Rodriguez;Consumer;Japan;Asia Pacific;Technology;Webcam HD 1080p;4;8729;0;34916;1284;14428;Bank Transfer;34916;;;
ORD-11262;10/12/2023;Oscar Martinez;Corporate;Mexico;North America;Clothing & Accessories;Canvas Messenger Bag;10;3859;10;34731;2611;12825;Credit Card;34731;;;
ORD-11503;07/02/2023;Felix Yamamoto;Consumer;Japan;Asia Pacific;Technology;Noise Cancelling Earbuds;2;17337;0;34674;1089;14514;PayPal;34674;;;
ORD-10563;28/08/2024;Karen Rossi;Consumer;South Korea;Asia Pacific;Furniture;Floating Wall Shelves Set;4;9115;5;34637;1375;11386;Bank Transfer;34637;;;
ORD-10186;17/12/2025;Sophie Khan;Consumer;Nigeria;Middle East & Africa;Technology;Noise Cancelling Earbuds;5;6879;0;34395;2077;13401;Cash on Delivery;34395;;;
ORD-11195;27/12/2024;Nadia Robinson;Home Office;China;Asia Pacific;Clothing & Accessories;Wool Blend Scarf;7;4909;0;34363;1815;15366;Credit Card;34363;;;
ORD-11943;21/11/2024;Sophie Pereira;Home Office;Spain;Europe;Clothing & Accessories;Business Casual Blazer;5;7916;15;33643;1269;12584;Credit Card;33643;;;
ORD-10388;27/07/2024;Linda Patel;Consumer;United Kingdom;Europe;Technology;Webcam HD 1080p;4;8383;0;33532;1206;13883;Cash on Delivery;33532;;;
ORD-11633;25/03/2023;Carlos Smith;Home Office;United States;North America;Furniture;Desk Organizer Set;11;3048;0;33528;2996;10415;Credit Card;33528;;;
ORD-10922;11/12/2025;Mia Tanaka;Home Office;Germany;Europe;Furniture;Corner L-Shaped Desk;1;41605;20;33284;818;7503;Credit Card;33284;;;
ORD-11171;18/04/2024;Robert Chen;Consumer;China;Asia Pacific;Furniture;Ergonomic Office Chair;2;22174;25;33261;1029;5623;PayPal;33261;;;
ORD-10990;14/04/2025;Richard Yamamoto;Corporate;Argentina;South America;Furniture;Corner L-Shaped Desk;2;16571;0;33142;1242;12015;Bank Transfer;33142;;;
ORD-11249;12/03/2025;Susan White;Home Office;Brazil;South America;Technology;Wireless Ergonomic Mouse;9;4595;20;33084;2456;7883;Credit Card;33084;;;
ORD-10770;01/08/2025;Amir Thompson;Corporate;Colombia;South America;Technology;Webcam HD 1080p;5;8171;20;32684;2216;7998;PayPal;32684;;;
ORD-11419;21/02/2023;Michael Davis;Consumer;China;Asia Pacific;Furniture;Desk Organizer Set;6;5439;0;32634;1734;1132;PayPal;32634;;;
ORD-10965;02/09/2025;Clara Robinson;Consumer;Italy;Europe;Furniture;Bookshelf 5-Tier;2;16102;0;32204;1083;11799;PayPal;32204;;;
ORD-10575;21/04/2024;Barbara Nilsson;Corporate;Australia;Asia Pacific;Clothing & Accessories;Wool Blend Scarf;10;3934;20;31472;2872;893;PayPal;31472;;;
ORD-11622;14/08/2024;Zara Anderson;Corporate;United Kingdom;Europe;Technology;Noise Cancelling Earbuds;3;10466;0;31398;955;13174;Credit Card;31398;;;
ORD-11145;10/11/2025;Marco Sato;Consumer;Germany;Europe;Furniture;Floating Wall Shelves Set;4;7841;0;31364;1024;11522;Credit Card;31364;;;
ORD-11701;31/12/2025;Susan Russo;Home Office;South Korea;Asia Pacific;Clothing & Accessories;Sports Water Bottle 750ml;11;2827;0;31097;3623;11926;Credit Card;31097;;;
ORD-11703;02/10/2025;Zara Oliveira;Home Office;France;Europe;Technology;USB-C Hub Multiport Adapter;10;3431;10;30879;2164;9844;PayPal;30879;;;
ORD-10844;08/10/2023;Jessica Müller;Home Office;United Kingdom;Europe;Clothing & Accessories;Cotton Formal Shirt;5;6842;10;30789;1172;12512;Credit Card;30789;;;
ORD-11742;13/03/2024;James Wang;Home Office;China;Asia Pacific;Technology;Smart LED Desk Lamp;4;7464;0;29856;1203;12232;PayPal;29856;;;
ORD-11121;02/01/2023;Karen Suzuki;Corporate;United States;North America;Technology;Wireless Bluetooth Headphones;3;9943;0;29829;931;12492;Cash on Delivery;29829;;;
ORD-10715;14/11/2024;Hans Miller;Home Office;United States;North America;Technology;Laptop Stand Adjustable;4;7426;0;29704;1124;12243;PayPal;29704;;;
ORD-10227;18/06/2024;Linda Suzuki;Corporate;Canada;North America;Clothing & Accessories;Polarized Sunglasses;5;6144;5;29184;1022;12802;Credit Card;29184;;;
ORD-11115;30/01/2025;Kenji Martin;Consumer;Italy;Europe;Furniture;Mesh Back Task Chair;1;29152;0;29152;878;10783;Credit Card;29152;;;
ORD-10351;02/09/2025;Fatima Johnson;Consumer;France;Europe;Furniture;Floating Wall Shelves Set;3;9544;0;28632;1419;10034;PayPal;28632;;;
ORD-11520;08/09/2023;Olga Taylor;Consumer;United States;North America;Furniture;Monitor Riser Wood;6;4747;0;28482;1193;1020;Credit Card;28482;;;
ORD-11915;31/10/2025;Jamal Rossi;Consumer;United States;North America;Clothing & Accessories;Polarized Sunglasses;4;7089;0;28356;825;13353;Cash on Delivery;28356;;;
ORD-10118;09/08/2025;Noah Rodriguez;Consumer;Germany;Europe;Clothing & Accessories;Leather Wallet Minimalist;6;4659;0;27954;1931;12046;PayPal;27954;;;
ORD-10520;10/10/2024;Linda Weber;Corporate;Japan;Asia Pacific;Furniture;Corner L-Shaped Desk;10;3453;20;27624;3274;65786;Credit Card;27624;;;
ORD-11712;23/03/2023;Felix Park;Consumer;Colombia;South America;Furniture;Floating Wall Shelves Set;4;6883;0;27532;1978;9035;Bank Transfer;27532;;;
ORD-10744;16/03/2023;Thomas Patel;Consumer;Brazil;South America;Clothing & Accessories;Polarized Sunglasses;5;6118;10;27531;1466;1077;Credit Card;27531;;;
ORD-11523;01/03/2023;Giulia Ali;Consumer;South Korea;Asia Pacific;Technology;Noise Cancelling Earbuds;2;13529;0;27058;1007;11169;Cash on Delivery;27058;;;
ORD-10031;08/02/2024;Yuki Martin;Consumer;Spain;Europe;Technology;Webcam HD 1080p;4;6739;0;26956;162;1051;PayPal;26956;;;
ORD-10578;03/04/2023;William Nilsson;Corporate;Spain;Europe;Furniture;Ergonomic Office Chair;1;26898;0;26898;856;9903;Credit Card;26898;;;
ORD-11846;16/08/2023;Jennifer Garcia;Consumer;Argentina;South America;Clothing & Accessories;Business Casual Blazer;2;14855;10;26739;1484;1040;Cash on Delivery;26739;;;
ORD-10930;12/10/2025;Maria Weber;Consumer;Nigeria;Middle East & Africa;Technology;Laptop Stand Adjustable;4;6682;0;26728;199;10038;Credit Card;26728;;;
ORD-10217;31/10/2024;Layla Garcia;Corporate;United States;North America;Furniture;Standing Desk Converter;2;17754;25;26631;695;4631;Credit Card;26631;;;
ORD-10525;06/10/2023;Patricia Kim;Consumer;Australia;Asia Pacific;Technology;Mechanical Gaming Keyboard;2;13168;0;26336;1063;10788;PayPal;26336;;;
ORD-11314;06/09/2024;David Suzuki;Consumer;UAE;Middle East & Africa;Technology;Laptop Stand Adjustable;5;5726;10;25767;1708;8312;Bank Transfer;25767;;;
ORD-11681;23/08/2023;Barbara Ali;Consumer;Brazil;South America;Furniture;Folding Table Portable;2;12796;0;25592;1279;8958;Credit Card;25592;;;
ORD-11942;18/08/2024;Lucas Laurent;Consumer;Colombia;South America;Technology;Smart LED Desk Lamp;4;6357;0;25428;1863;958;Credit Card;25428;;;
ORD-11371;15/11/2024;Omar Yamamoto;Home Office;France;Europe;Technology;Wireless Ergonomic Mouse;4;6635;5;25213;1259;9357;Credit Card;25213;;;
ORD-10985;10/08/2025;Ethan Wang;Corporate;Brazil;South America;Technology;Wireless Bluetooth Headphones;2;13935;10;25083;1126;8629;Cash on Delivery;25083;;;
ORD-10708;27/02/2024;Susan Li;Corporate;France;Europe;Technology;Portable External SSD 1TB;4;7835;20;25072;1216;6619;PayPal;25072;;;
ORD-10176;06/04/2023;Li Pereira;Corporate;India;Asia Pacific;Clothing & Accessories;Canvas Messenger Bag;3;8346;0;25038;1607;10912;Credit Card;25038;;;
ORD-11077;08/07/2023;Diego Kim;Home Office;Spain;Europe;Technology;Laptop Stand Adjustable;5;5001;0;25005;1934;9318;Credit Card;25005;;;
ORD-10367;15/08/2023;Karen Russo;Consumer;France;Europe;Technology;Laptop Stand Adjustable;9;2741;0;24669;1206;9895;Credit Card;24669;;;
ORD-11048;11/06/2023;Christopher Robinson;Consumer;Australia;Asia Pacific;Furniture;Bookshelf 5-Tier;2;12254;0;24508;1178;8625;Credit Card;24508;;;
ORD-10966;20/04/2025;Wei Li;Corporate;Brazil;South America;Technology;Wireless Ergonomic Mouse;5;6112;20;24448;2201;5439;Credit Card;24448;;;
ORD-10175;20/10/2025;Jamal Brown;Corporate;Japan;Asia Pacific;Clothing & Accessories;Wool Blend Scarf;6;4046;0;24276;1834;10304;Credit Card;24276;;;
ORD-10773;18/11/2025;Susan Ali;Consumer;South Korea;Asia Pacific;Clothing & Accessories;Canvas Messenger Bag;4;7105;15;24157;1185;8762;Credit Card;24157;;;
ORD-11994;13/10/2024;Richard Santos;Consumer;India;Asia Pacific;Technology;Webcam HD 1080p;5;5338;10;24021;1159;8182;Bank Transfer;24021;;;
ORD-10881;29/09/2023;Sophie Clark;Home Office;China;Asia Pacific;Furniture;Mesh Back Task Chair;1;23824;0;23824;1013;8517;Credit Card;23824;;;
ORD-10635;30/09/2023;Fatima Martin;Home Office;Australia;Asia Pacific;Furniture;Desk Organizer Set;4;5901;0;23604;1114;8328;Cash on Delivery;23604;;;
ORD-11739;09/10/2024;Olivia Sharma;Consumer;Mexico;North America;Technology;Wireless Bluetooth Headphones;4;5838;0;23352;1339;9169;PayPal;23352;;;
ORD-11952;01/05/2025;Hanna Rodriguez;Consumer;United Kingdom;Europe;Furniture;Filing Cabinet 3-Drawer;2;15518;25;23277;856;3799;Credit Card;23277;;;
ORD-10891;21/09/2023;Xiao Wang;Consumer;Argentina;South America;Furniture;Bookshelf 5-Tier;2;11598;0;23196;137;7908;Cash on Delivery;23196;;;
ORD-10018;07/08/2024;Amir Smith;Home Office;Canada;North America;Furniture;Floating Wall Shelves Set;3;7633;0;22899;781;8379;Credit Card;22899;;;
ORD-11248;18/12/2023;Amina Taylor;Home Office;Germany;Europe;Furniture;Folding Table Portable;4;5995;5;22781;1386;7007;PayPal;22781;;;
ORD-10331;31/03/2025;Giulia White;Consumer;Australia;Asia Pacific;Furniture;Folding Table Portable;5;4517;0;22585;1644;739;Credit Card;22585;;;
ORD-11596;08/12/2025;Richard Romano;Corporate;Nigeria;Middle East & Africa;Furniture;Desk Organizer Set;4;5646;0;22584;2067;6967;Credit Card;22584;;;
ORD-10799;03/08/2024;Susan Schmidt;Consumer;United Kingdom;Europe;Furniture;Folding Table Portable;3;7505;0;22515;124;7766;PayPal;22515;;;
ORD-11635;26/08/2024;Yuki Kim;Corporate;United States;North America;Clothing & Accessories;Polarized Sunglasses;3;7499;0;22497;1137;10112;Credit Card;22497;;;
ORD-10403;03/09/2024;Ethan Williams;Consumer;Mexico;North America;Furniture;Standing Desk Converter;2;11226;0;22452;869;8112;PayPal;22452;;;
ORD-10016;24/05/2024;Richard Brown;Consumer;United Kingdom;Europe;Technology;Noise Cancelling Earbuds;2;11178;0;22356;90;916;Cash on Delivery;22356;;;
ORD-10557;12/06/2024;Joseph Russo;Consumer;Australia;Asia Pacific;Clothing & Accessories;Wool Blend Scarf;5;4962;10;22329;2046;7878;Cash on Delivery;22329;;;
ORD-10812;09/12/2024;Linda Harris;Consumer;UAE;Middle East & Africa;Clothing & Accessories;Polarized Sunglasses;4;5509;0;22036;1741;9277;Cash on Delivery;22036;;;
ORD-10803;06/04/2025;Emma Romano;Home Office;Spain;Europe;Technology;Wireless Bluetooth Headphones;1;21967;0;21967;771;9114;Cash on Delivery;21967;;;
ORD-11380;12/07/2023;Ali Jones;Consumer;Mexico;North America;Clothing & Accessories;Wool Blend Scarf;4;5462;0;21848;1136;9788;Credit Card;21848;;;
ORD-10462;03/05/2023;Raj Thomas;Consumer;Mexico;North America;Technology;Laptop Stand Adjustable;3;7184;0;21552;856;8842;Cash on Delivery;21552;;;
ORD-11545;13/03/2023;Susan Kim;Consumer;South Africa;Middle East & Africa;Clothing & Accessories;Travel Backpack 30L;3;7031;0;21093;1546;900;PayPal;21093;;;
ORD-10545;13/07/2023;Elizabeth Williams;Corporate;Italy;Europe;Furniture;Folding Table Portable;2;11315;10;20367;1107;5682;Credit Card;20367;;;
ORD-11929;06/08/2023;James Schmidt;Consumer;India;Asia Pacific;Technology;Webcam HD 1080p;3;6735;0;20205;1244;7848;PayPal;20205;;;
ORD-11572;15/05/2024;Priya Kumar;Consumer;United Kingdom;Europe;Clothing & Accessories;Cotton Formal Shirt;3;6648;0;19944;905;9067;PayPal;19944;;;
ORD-11316;06/12/2023;Richard Yamamoto;Consumer;UAE;Middle East & Africa;Furniture;Monitor Riser Wood;3;6628;0;19884;162;6334;PayPal;19884;;;
ORD-11073;12/09/2024;Elizabeth Chen;Home Office;Canada;North America;Clothing & Accessories;Sports Water Bottle 750ml;9;2204;0;19836;979;8939;Credit Card;19836;;;
ORD-11062;18/10/2023;Robert Clark;Corporate;South Africa;Middle East & Africa;Technology;Mechanical Gaming Keyboard;4;6564;25;19692;1934;3317;Cash on Delivery;19692;;;
ORD-10757;06/11/2023;Ahmed Taylor;Consumer;Colombia;South America;Clothing & Accessories;Leather Wallet Minimalist;3;6475;0;19425;1463;825;Credit Card;19425;;;
ORD-11305;13/07/2025;Clara Martin;Consumer;United States;North America;Clothing & Accessories;Wool Blend Scarf;5;3849;0;19245;1733;7889;Cash on Delivery;19245;;;
ORD-10401;20/11/2024;Ayumi Robinson;Corporate;United States;North America;Technology;Wireless Ergonomic Mouse;3;6277;0;18831;118;7294;Credit Card;18831;;;
ORD-11582;06/09/2024;Christopher Müller;Consumer;Mexico;North America;Furniture;Ergonomic Office Chair;1;18747;0;18747;623;6876;Bank Transfer;18747;;;
ORD-11173;27/05/2024;Barbara Ali;Home Office;Japan;Asia Pacific;Office Supplies;Tape Dispenser Heavy Duty;9;2069;0;18621;2207;8035;Credit Card;18621;;;
ORD-10252;29/03/2023;Carlos Anderson;Home Office;Saudi Arabia;Middle East & Africa;Clothing & Accessories;Polarized Sunglasses;6;3052;0;18312;2114;7042;Credit Card;18312;;;
ORD-11302;23/02/2023;Fatima Suzuki;Home Office;Brazil;South America;Technology;Wireless Ergonomic Mouse;3;6099;0;18297;1203;7031;Credit Card;18297;;;
ORD-10020;23/03/2023;Pierre Yamamoto;Consumer;Saudi Arabia;Middle East & Africa;Furniture;Folding Table Portable;2;9087;0;18174;1468;5802;Credit Card;18174;;;
ORD-10259;08/01/2025;Sakura Costa;Consumer;United States;North America;Technology;Wireless Ergonomic Mouse;4;4526;0;18104;724;7423;Credit Card;18104;;;
ORD-11334;28/10/2025;Layla Rodriguez;Consumer;China;Asia Pacific;Furniture;Monitor Riser Wood;5;4491;20;17964;1197;3294;PayPal;17964;;;
ORD-11763;04/10/2023;Diego Pereira;Home Office;Nigeria;Middle East & Africa;Clothing & Accessories;Wool Blend Scarf;3;5955;0;17865;1468;7465;PayPal;17865;;;
ORD-10777;06/06/2025;Carlos Ferrari;Consumer;South Korea;Asia Pacific;Technology;Wireless Bluetooth Headphones;10;1775;0;17750;1506;78369;Credit Card;17750;;;
ORD-10063;26/09/2023;Isabella Patel;Consumer;Canada;North America;Clothing & Accessories;Leather Wallet Minimalist;3;5904;0;17712;1028;7828;Bank Transfer;17712;;;
ORD-11569;17/02/2023;Barbara Davis;Consumer;United Kingdom;Europe;Clothing & Accessories;Cotton Formal Shirt;5;3922;10;17649;177;6074;Credit Card;17649;;;
ORD-10291;23/05/2024;Emma Dubois;Home Office;Spain;Europe;Technology;Webcam HD 1080p;2;8823;0;17646;965;6976;Bank Transfer;17646;;;
ORD-10125;19/10/2025;Priya Harris;Home Office;United States;North America;Furniture;Floating Wall Shelves Set;5;3824;10;17208;965;4771;PayPal;17208;;;
ORD-11063;21/07/2025;Jamal Taylor;Consumer;United States;North America;Clothing & Accessories;Travel Backpack 30L;2;8559;0;17118;825;7734;Credit Card;17118;;;
ORD-11412;21/02/2025;Raj Yamamoto;Consumer;South Korea;Asia Pacific;Technology;Mechanical Gaming Keyboard;1;16777;0;16777;1007;6543;Credit Card;16777;;;
ORD-10501;19/09/2025;Clara Hassan;Consumer;Australia;Asia Pacific;Furniture;Bookshelf 5-Tier;1;16752;0;16752;1049;5652;PayPal;16752;;;
ORD-11279;07/03/2023;Clara Miller;Consumer;United States;North America;Office Supplies;Tape Dispenser Heavy Duty;8;2092;0;16736;1897;7308;Bank Transfer;16736;;;
ORD-10694;28/01/2023;Susan Johansson;Consumer;Mexico;North America;Technology;Webcam HD 1080p;3;5578;0;16734;938;6592;Credit Card;16734;;;
ORD-10207;05/04/2023;Diego Johansson;Consumer;Japan;Asia Pacific;Technology;Wireless Ergonomic Mouse;8;2081;0;16648;203;5462;Cash on Delivery;16648;;;
ORD-10914;27/06/2025;Patricia Jackson;Corporate;Spain;Europe;Clothing & Accessories;Leather Belt Classic;3;5391;0;16173;1212;6874;Credit Card;16173;;;
ORD-11368;05/04/2025;Elizabeth Williams;Consumer;Canada;North America;Technology;USB-C Hub Multiport Adapter;7;2309;0;16163;2084;5189;Bank Transfer;16163;;;
ORD-11935;02/04/2025;Isabella Thompson;Consumer;Japan;Asia Pacific;Office Supplies;Stapler Full-Size;14;1148;0;16072;3983;4857;PayPal;16072;;;
ORD-10043;09/11/2023;Jennifer Kim;Consumer;United States;North America;Technology;Wireless Ergonomic Mouse;3;5347;0;16041;107;6148;Bank Transfer;16041;;;
ORD-10656;28/06/2025;Emma Johnson;Corporate;South Africa;Middle East & Africa;Technology;Wireless Ergonomic Mouse;4;4001;0;16004;1642;556;Cash on Delivery;16004;;;
ORD-11130;01/10/2025;James Santos;Home Office;Australia;Asia Pacific;Technology;Tablet Stand Holder;6;2666;0;15996;1935;5263;Credit Card;15996;;;
ORD-10072;08/05/2024;Maria Anderson;Consumer;Australia;Asia Pacific;Furniture;Folding Table Portable;3;5288;0;15864;1203;5143;Credit Card;15864;;;
ORD-10741;16/12/2024;Ivan Ali;Home Office;United States;North America;Clothing & Accessories;Leather Wallet Minimalist;4;3877;0;15508;1257;6497;Credit Card;15508;;;
ORD-10988;06/10/2024;Oscar Martinez;Corporate;Colombia;South America;Clothing & Accessories;Travel Backpack 30L;5;3424;10;15408;2025;4823;Credit Card;15408;;;
ORD-11594;05/03/2024;Michael Garcia;Consumer;United States;North America;Clothing & Accessories;Cotton Formal Shirt;5;3204;5;15219;849;636;Bank Transfer;15219;;;
ORD-11811;11/12/2023;Noah Chen;Consumer;Germany;Europe;Technology;Laptop Stand Adjustable;5;3027;0;15135;1359;5452;Credit Card;15135;;;
ORD-11861;13/01/2024;Maria Khan;Home Office;South Africa;Middle East & Africa;Technology;Portable External SSD 1TB;2;7567;0;15134;1213;5597;Credit Card;15134;;;
ORD-10420;19/04/2024;Layla Kumar;Corporate;Australia;Asia Pacific;Clothing & Accessories;Leather Belt Classic;4;4944;25;14832;1414;353;PayPal;14832;;;
ORD-11817;11/05/2024;Ava Harris;Consumer;Italy;Europe;Technology;Tablet Stand Holder;4;3701;0;14804;1278;5384;Credit Card;14804;;;
ORD-10245;26/08/2024;Hans Anderson;Consumer;Japan;Asia Pacific;Technology;Portable External SSD 1TB;1;14565;0;14565;1025;5529;Bank Transfer;14565;;;
ORD-10004;29/01/2024;Amir Garcia;Corporate;South Africa;Middle East & Africa;Technology;Mechanical Gaming Keyboard;12;1505;20;14448;378;4137;Credit Card;14448;;;
ORD-10411;16/05/2023;Robert Jackson;Corporate;France;Europe;Clothing & Accessories;Canvas Messenger Bag;2;7965;10;14337;1014;5358;Credit Card;14337;;;
ORD-11086;07/09/2025;Amina Nilsson;Consumer;Australia;Asia Pacific;Technology;USB-C Hub Multiport Adapter;4;3745;5;14231;1743;4249;Credit Card;14231;;;
ORD-10899;01/01/2025;Ayumi Khan;Consumer;United States;North America;Furniture;Mesh Back Task Chair;1;14221;0;14221;695;4993;PayPal;14221;;;
ORD-10959;14/07/2025;Ethan Thomas;Corporate;Nigeria;Middle East & Africa;Clothing & Accessories;Leather Wallet Minimalist;3;4607;0;13821;1418;5493;Bank Transfer;13821;;;
ORD-11659;10/02/2023;Emma Oliveira;Consumer;Italy;Europe;Clothing & Accessories;Leather Wallet Minimalist;3;4599;0;13797;1268;563;Credit Card;13797;;;
ORD-10134;08/12/2024;Wei Ali;Corporate;France;Europe;Clothing & Accessories;Leather Belt Classic;3;4543;0;13629;995;5819;Credit Card;13629;;;
ORD-11487;22/03/2025;Sakura Zhang;Consumer;Spain;Europe;Technology;Webcam HD 1080p;2;6791;0;13582;898;5214;PayPal;13582;;;
ORD-11159;20/01/2024;James Kumar;Corporate;Mexico;North America;Technology;Smart LED Desk Lamp;4;3555;5;13509;1122;4566;Credit Card;13509;;;
ORD-10451;23/08/2025;Elizabeth Williams;Corporate;United Kingdom;Europe;Clothing & Accessories;Travel Backpack 30L;4;3366;0;13464;1038;5694;Credit Card;13464;;;
ORD-11093;13/10/2023;Oscar Thompson;Consumer;Germany;Europe;Clothing & Accessories;Canvas Messenger Bag;4;3735;10;13446;1342;4634;Credit Card;13446;;;
ORD-11509;05/02/2025;Priya Singh;Consumer;Italy;Europe;Clothing & Accessories;Polarized Sunglasses;5;2679;0;13395;186;4837;PayPal;13395;;;
ORD-10523;11/10/2024;Omar Jackson;Home Office;Canada;North America;Clothing & Accessories;Polarized Sunglasses;2;6694;0;13388;912;5782;PayPal;13388;;;
ORD-10629;25/08/2024;Ahmed Anderson;Home Office;China;Asia Pacific;Technology;Smart LED Desk Lamp;4;3342;0;13368;1319;4697;PayPal;13368;;;
ORD-11855;21/02/2023;Hans Johnson;Consumer;Australia;Asia Pacific;Technology;Noise Cancelling Earbuds;1;13363;0;13363;994;5019;PayPal;13363;;;
ORD-11988;07/04/2023;Michael Yamamoto;Corporate;Colombia;South America;Technology;Mechanical Gaming Keyboard;1;13359;0;13359;1248;4764;Credit Card;13359;;;
ORD-10658;11/12/2023;Isabella Johansson;Consumer;Nigeria;Middle East & Africa;Clothing & Accessories;Cotton Formal Shirt;3;4411;0;13233;1352;5265;Cash on Delivery;13233;;;
ORD-10897;12/06/2024;Karen Smith;Consumer;Colombia;South America;Technology;Tablet Stand Holder;3;4411;0;13233;1319;4636;Credit Card;13233;;;
ORD-11117;06/12/2023;Amina Jones;Consumer;Mexico;North America;Technology;Laptop Stand Adjustable;4;3303;0;13212;72;5225;Credit Card;13212;;;
ORD-10681;22/07/2023;Ethan Chen;Corporate;Canada;North America;Clothing & Accessories;Leather Belt Classic;5;2772;5;13167;1556;4681;PayPal;13167;;;
ORD-10237;22/12/2023;Hans Rossi;Home Office;India;Asia Pacific;Technology;Tablet Stand Holder;5;2772;5;13167;1742;3802;Bank Transfer;13167;;;
ORD-10529;21/02/2024;Chen Santos;Corporate;Mexico;North America;Clothing & Accessories;Canvas Messenger Bag;3;4372;0;13116;1164;5394;PayPal;13116;;;
ORD-10490;04/05/2025;Hans Costa;Consumer;UAE;Middle East & Africa;Furniture;Standing Desk Converter;1;12914;0;12914;122;3946;PayPal;12914;;;
ORD-11637;02/04/2025;Sarah Brown;Consumer;Canada;North America;Technology;Wireless Ergonomic Mouse;3;4299;0;12897;689;5115;Credit Card;12897;;;
ORD-10282;16/09/2025;Patricia Pereira;Corporate;Saudi Arabia;Middle East & Africa;Clothing & Accessories;Cotton Formal Shirt;2;6438;0;12876;1462;4976;Credit Card;12876;;;
ORD-11096;10/10/2025;Felix Smith;Consumer;South Africa;Middle East & Africa;Furniture;Floating Wall Shelves Set;2;7085;10;12753;128;2971;Credit Card;12753;;;
ORD-11277;06/03/2024;Sakura Smith;Corporate;Brazil;South America;Furniture;Folding Table Portable;1;12707;0;12707;108;4003;Credit Card;12707;;;
ORD-10085;27/09/2023;Marco Nilsson;Consumer;Japan;Asia Pacific;Technology;Mechanical Gaming Keyboard;1;12655;0;12655;975;472;PayPal;12655;;;
ORD-10223;28/09/2024;Jennifer Yamamoto;Consumer;France;Europe;Furniture;Floating Wall Shelves Set;2;6197;0;12394;1114;3844;Bank Transfer;12394;;;
ORD-10448;16/08/2024;Lucas Moreau;Home Office;Italy;Europe;Office Supplies;Desk Calendar 2025;10;1376;10;12384;1798;4394;Credit Card;12384;;;
ORD-10873;22/02/2025;Ethan Li;Consumer;China;Asia Pacific;Clothing & Accessories;Business Casual Blazer;2;6154;0;12308;1234;492;Credit Card;12308;;;
ORD-11555;26/11/2023;Isabella Harris;Consumer;Colombia;South America;Technology;Wireless Ergonomic Mouse;5;2447;0;12235;1701;3805;Credit Card;12235;;;
ORD-10493;09/09/2024;Linda Fischer;Consumer;United States;North America;Office Supplies;Ballpoint Pen Pack 12;8;1517;0;12136;2342;4333;Credit Card;12136;;;
ORD-11876;14/02/2025;Jessica Moreau;Consumer;United States;North America;Furniture;Monitor Riser Wood;2;6059;0;12118;799;4048;Credit Card;12118;;;
ORD-11612;24/12/2025;Xiao Davis;Consumer;Nigeria;Middle East & Africa;Clothing & Accessories;Silk Tie Collection;4;3028;0;12112;1689;4367;Credit Card;12112;;;
ORD-10528;02/11/2023;Fatima Brown;Consumer;France;Europe;Technology;Webcam HD 1080p;3;4021;0;12063;1166;4262;Bank Transfer;12063;;;
ORD-10700;28/06/2023;Mia Harris;Corporate;Canada;North America;Clothing & Accessories;Leather Belt Classic;3;4018;0;12054;1231;4796;Cash on Delivery;12054;;;
ORD-11129;01/01/2025;Jamal Taylor;Consumer;Canada;North America;Technology;USB-C Hub Multiport Adapter;2;6018;0;12036;833;4583;Cash on Delivery;12036;;;
ORD-11389;08/05/2025;Fatima Yamamoto;Consumer;Brazil;South America;Office Supplies;Desk Calendar 2025;7;1716;0;12012;1868;4739;PayPal;12012;;;
ORD-10921;24/11/2025;Christopher Romano;Consumer;Spain;Europe;Furniture;Folding Table Portable;11;1210;10;11979;2542;37388;PayPal;11979;;;
ORD-10604;08/02/2025;Li Harris;Consumer;India;Asia Pacific;Technology;Wireless Bluetooth Headphones;1;11938;0;11938;973;4399;Credit Card;11938;;;
ORD-10035;25/02/2025;Elizabeth Schmidt;Consumer;China;Asia Pacific;Technology;Wireless Bluetooth Headphones;6;2280;15;11628;2134;38906;Credit Card;11628;;;
ORD-11417;18/10/2023;Jessica Weber;Home Office;Saudi Arabia;Middle East & Africa;Clothing & Accessories;Cotton Formal Shirt;3;3842;0;11526;181;3953;Credit Card;11526;;;
ORD-11455;29/10/2024;Omar Thomas;Consumer;Italy;Europe;Clothing & Accessories;Sports Water Bottle 750ml;7;1616;0;11312;1307;4349;Bank Transfer;11312;;;
ORD-10442;24/09/2023;Jessica Wang;Home Office;Mexico;North America;Furniture;Folding Table Portable;1;11229;0;11229;587;3905;Credit Card;11229;;;
ORD-11904;04/12/2023;Hans Martin;Consumer;Japan;Asia Pacific;Furniture;Floating Wall Shelves Set;2;5594;0;11188;1095;338;Bank Transfer;11188;;;
ORD-11289;03/08/2025;Sophie Martin;Consumer;Canada;North America;Furniture;Standing Desk Converter;1;11103;0;11103;707;3734;Credit Card;11103;;;
ORD-11006;15/03/2023;Barbara Leroy;Home Office;Mexico;North America;Technology;Mechanical Gaming Keyboard;2;5494;0;10988;877;4068;Credit Card;10988;;;
ORD-10192;15/07/2025;Wei Laurent;Consumer;Italy;Europe;Furniture;Monitor Riser Wood;4;2746;0;10984;1174;322;Credit Card;10984;;;
ORD-10543;30/11/2024;Maria Suzuki;Corporate;Mexico;North America;Clothing & Accessories;Silk Tie Collection;4;3661;25;10983;1122;2539;PayPal;10983;;;
ORD-11566;20/11/2023;Olga Thompson;Consumer;Colombia;South America;Technology;Tablet Stand Holder;2;5362;0;10724;1175;3651;Bank Transfer;10724;;;
ORD-10614;27/05/2024;Lucas Williams;Corporate;France;Europe;Furniture;Monitor Riser Wood;3;3549;0;10647;1363;2896;Bank Transfer;10647;;;
ORD-10805;05/02/2025;Marco Davis;Consumer;Australia;Asia Pacific;Clothing & Accessories;Leather Belt Classic;4;2785;5;10583;1891;3122;PayPal;10583;;;
ORD-11156;25/03/2023;Omar Leroy;Corporate;Canada;North America;Clothing & Accessories;Cotton Formal Shirt;2;5289;0;10578;627;4662;Cash on Delivery;10578;;;
ORD-10691;05/07/2024;Felix Ahmed;Consumer;Germany;Europe;Technology;Wireless Ergonomic Mouse;2;5281;0;10562;1099;3654;Credit Card;10562;;;
ORD-10880;16/01/2024;Barbara Davis;Home Office;United States;North America;Office Supplies;Premium Notebook Set A5;5;2103;0;10515;1125;4658;Credit Card;10515;;;
ORD-10111;11/09/2025;Sakura Nilsson;Corporate;UAE;Middle East & Africa;Clothing & Accessories;Sports Water Bottle 750ml;4;2855;10;10278;140;3168;Credit Card;10278;;;
ORD-10779;07/12/2023;Wei Hassan;Corporate;India;Asia Pacific;Clothing & Accessories;Travel Backpack 30L;2;6814;25;10221;1095;2312;Credit Card;10221;;;
ORD-10544;07/09/2024;William Robinson;Consumer;Canada;North America;Technology;USB-C Hub Multiport Adapter;2;5079;0;10158;771;380;PayPal;10158;;;
ORD-11230;09/10/2025;Liam Rodriguez;Consumer;France;Europe;Furniture;Floating Wall Shelves Set;2;5077;0;10154;1184;2878;Cash on Delivery;10154;;;
ORD-10039;10/05/2025;Oscar Ali;Corporate;Germany;Europe;Furniture;Folding Table Portable;1;12515;20;10012;865;1638;PayPal;10012;;;
ORD-10859;04/07/2025;Ayumi White;Corporate;United States;North America;Furniture;Folding Table Portable;2;4981;0;9962;852;3133;Credit Card;9962;;;
ORD-11800;08/06/2025;Ethan Jones;Consumer;South Africa;Middle East & Africa;Clothing & Accessories;Leather Belt Classic;2;4974;0;9948;142;3554;Credit Card;9948;;;
ORD-11376;11/06/2023;Linda Smith;Consumer;United Kingdom;Europe;Furniture;Desk Organizer Set;4;2466;0;9864;1603;2343;Cash on Delivery;9864;;;
ORD-10009;23/08/2023;Xiao Laurent;Consumer;Japan;Asia Pacific;Office Supplies;Tape Dispenser Heavy Duty;5;2076;5;9861;1444;3746;Credit Card;9861;;;
ORD-11579;21/12/2023;Felix Davis;Home Office;Mexico;North America;Technology;Portable External SSD 1TB;1;9838;0;9838;662;3765;PayPal;9838;;;
ORD-11106;13/04/2024;Sakura Oliveira;Consumer;United Kingdom;Europe;Technology;USB-C Hub Multiport Adapter;4;2416;0;9664;963;3386;Cash on Delivery;9664;;;
ORD-11120;25/02/2025;Raj Martinez;Consumer;Brazil;South America;Technology;Wireless Bluetooth Headphones;9;1071;0;9639;2475;4090;PayPal;9639;;;
ORD-11095;29/07/2025;Mia Harris;Consumer;South Korea;Asia Pacific;Furniture;Bookshelf 5-Tier;1;9566;0;9566;1025;2801;PayPal;9566;;;
ORD-11627;27/10/2024;Giulia Brown;Consumer;Spain;Europe;Technology;Tablet Stand Holder;4;2376;0;9504;1461;2816;Cash on Delivery;9504;;;
ORD-10564;24/06/2025;Christopher Chen;Consumer;South Korea;Asia Pacific;Office Supplies;Binder Clips Assorted 48pc;7;1353;0;9471;2002;3207;Credit Card;9471;;;
ORD-11283;13/10/2025;Li Wang;Corporate;China;Asia Pacific;Clothing & Accessories;Cotton Formal Shirt;3;3144;0;9432;1164;3552;Cash on Delivery;9432;;;
ORD-11931;15/09/2025;Kenji Miller;Home Office;India;Asia Pacific;Office Supplies;Sticky Notes Multicolor 6-Pack;9;1029;0;9261;3073;2021;Cash on Delivery;9261;;;
ORD-11474;05/11/2025;Fatima Smith;Home Office;Australia;Asia Pacific;Office Supplies;Ballpoint Pen Pack 12;7;1296;0;9072;2205;2785;PayPal;9072;;;
ORD-11184;09/03/2023;Fatima Kumar;Consumer;UAE;Middle East & Africa;Office Supplies;Premium Notebook Set A5;4;2267;0;9068;1432;3555;Bank Transfer;9068;;;
ORD-10679;13/04/2025;Sophie Jones;Consumer;Spain;Europe;Technology;Laptop Stand Adjustable;2;4496;0;8992;1148;2898;Credit Card;8992;;;
ORD-10076;24/09/2024;Sarah Patel;Consumer;Japan;Asia Pacific;Office Supplies;Premium Notebook Set A5;5;1785;0;8925;1445;3464;Bank Transfer;8925;;;
ORD-10740;13/07/2025;William Martinez;Consumer;France;Europe;Clothing & Accessories;Sports Water Bottle 750ml;7;1271;0;8897;1125;3323;Cash on Delivery;8897;;;
ORD-11592;17/01/2024;Mia Clark;Consumer;Japan;Asia Pacific;Technology;Smart LED Desk Lamp;4;2755;20;8816;1439;1316;Bank Transfer;8816;;;
ORD-11215;21/10/2025;Sophie Martinez;Consumer;United States;North America;Clothing & Accessories;Travel Backpack 30L;11;795;0;8745;1435;4229;Credit Card;8745;;;
ORD-11775;30/06/2025;Ayumi Romano;Consumer;Mexico;North America;Furniture;Desk Organizer Set;3;2912;0;8736;1141;2353;Cash on Delivery;8736;;;
ORD-10673;06/01/2024;Jessica Kim;Corporate;Brazil;South America;Office Supplies;Premium Notebook Set A5;5;1743;0;8715;1379;3414;Credit Card;8715;;;
ORD-11538;13/05/2025;Pierre Fischer;Consumer;Germany;Europe;Clothing & Accessories;Polarized Sunglasses;2;4341;0;8682;871;347;Credit Card;8682;;;
ORD-10353;07/12/2025;Lucas Sato;Consumer;United Kingdom;Europe;Clothing & Accessories;Leather Belt Classic;3;2876;0;8628;1403;2911;Cash on Delivery;8628;;;
ORD-11939;14/09/2024;Amir Moreau;Home Office;India;Asia Pacific;Technology;Webcam HD 1080p;2;4313;0;8626;1152;273;PayPal;8626;;;
ORD-11200;05/10/2025;Sakura Harris;Corporate;China;Asia Pacific;Technology;Smart LED Desk Lamp;15;572;0;8580;287;3574;Credit Card;8580;;;
ORD-11034;22/12/2025;Ali Jackson;Consumer;Saudi Arabia;Middle East & Africa;Technology;Portable External SSD 1TB;1;8533;0;8533;1249;2591;Cash on Delivery;8533;;;
ORD-11002;02/04/2023;Nadia Santos;Consumer;Argentina;South America;Technology;Tablet Stand Holder;4;2485;15;8449;1538;1444;PayPal;8449;;;
ORD-10811;03/11/2023;Joseph Romano;Consumer;Argentina;South America;Technology;Webcam HD 1080p;1;8328;0;8328;1213;2535;Credit Card;8328;;;
ORD-11251;04/12/2025;Joseph Fischer;Corporate;United States;North America;Clothing & Accessories;Wool Blend Scarf;2;4119;0;8238;935;3184;Credit Card;8238;;;
ORD-11413;06/11/2025;Mary Rossi;Consumer;South Africa;Middle East & Africa;Technology;Webcam HD 1080p;2;4112;0;8224;1515;2186;Credit Card;8224;;;
ORD-11114;10/07/2025;Sakura Kim;Consumer;Germany;Europe;Clothing & Accessories;Leather Belt Classic;2;4096;0;8192;807;3289;Credit Card;8192;;;
ORD-10086;17/11/2025;Joseph Zhang;Consumer;France;Europe;Office Supplies;Highlighters Neon Pack 6;9;904;0;8136;256;1915;Cash on Delivery;8136;;;
ORD-10733;18/10/2025;Mary Martinez;Corporate;United Kingdom;Europe;Technology;Webcam HD 1080p;2;4018;0;8036;1031;2585;Credit Card;8036;;;
ORD-11069;25/10/2023;Fatima Williams;Consumer;Colombia;South America;Office Supplies;Tape Dispenser Heavy Duty;5;1876;15;7973;1824;1928;Cash on Delivery;7973;;;
ORD-11029;20/01/2023;Karen Rossi;Home Office;Japan;Asia Pacific;Office Supplies;Whiteboard Markers Set 8;4;1992;0;7968;1601;2781;Cash on Delivery;7968;;;
ORD-10971;06/11/2025;Priya Costa;Corporate;Canada;North America;Furniture;Monitor Riser Wood;1;7907;0;7907;711;2452;Credit Card;7907;;;
ORD-11963;24/06/2025;Sarah Rossi;Corporate;United Kingdom;Europe;Office Supplies;Whiteboard Markers Set 8;5;1961;20;7844;1031;2401;Cash on Delivery;7844;;;
ORD-10113;27/02/2023;Mia Harris;Consumer;United States;North America;Technology;Webcam HD 1080p;1;7748;0;7748;716;2771;PayPal;7748;;;
ORD-10908;10/09/2023;Diego Harris;Consumer;Italy;Europe;Technology;Mechanical Gaming Keyboard;1;7747;0;7747;923;2563;Bank Transfer;7747;;;
ORD-10551;15/04/2023;Sophie Thomas;Consumer;Nigeria;Middle East & Africa;Furniture;Standing Desk Converter;4;2576;25;7728;1979;13477;Bank Transfer;7728;;;
ORD-10690;09/12/2024;Maria Yamamoto;Consumer;Canada;North America;Clothing & Accessories;Polarized Sunglasses;3;2568;0;7704;1044;2808;Credit Card;7704;;;
ORD-10999;04/10/2024;Layla Romano;Corporate;China;Asia Pacific;Office Supplies;Tape Dispenser Heavy Duty;10;848;10;7632;2104;1712;PayPal;7632;;;
ORD-10147;11/05/2024;Raj Rodriguez;Consumer;China;Asia Pacific;Technology;Noise Cancelling Earbuds;1;7611;0;7611;1016;2409;PayPal;7611;;;
ORD-11272;11/10/2023;Isabella Li;Consumer;France;Europe;Office Supplies;Tape Dispenser Heavy Duty;3;2408;0;7224;867;3106;PayPal;7224;;;
ORD-11827;03/12/2023;Emma Sharma;Consumer;Mexico;North America;Furniture;Monitor Riser Wood;2;4395;20;7032;677;1081;Credit Card;7032;;;
ORD-11429;04/04/2025;Olga Wang;Corporate;France;Europe;Furniture;Desk Organizer Set;2;3492;0;6984;1192;1602;Cash on Delivery;6984;;;
ORD-11762;22/05/2023;Hans Johnson;Home Office;India;Asia Pacific;Technology;Tablet Stand Holder;5;1548;10;6966;1974;735;PayPal;6966;;;
ORD-11137;15/10/2023;Barbara Weber;Home Office;United Kingdom;Europe;Technology;Tablet Stand Holder;2;3481;0;6962;872;2261;Credit Card;6962;;;
ORD-10821;01/04/2023;Nadia Weber;Consumer;Italy;Europe;Technology;Smart LED Desk Lamp;2;3422;0;6844;922;2158;PayPal;6844;;;
ORD-11974;17/10/2023;Joseph Chen;Corporate;Italy;Europe;Clothing & Accessories;Silk Tie Collection;2;3422;0;6844;961;2461;Bank Transfer;6844;;;
ORD-11784;02/04/2023;Hans Laurent;Consumer;South Africa;Middle East & Africa;Furniture;Floating Wall Shelves Set;1;6762;0;6762;1163;1542;Cash on Delivery;6762;;;
ORD-10294;09/08/2024;Christopher Brown;Corporate;United States;North America;Office Supplies;Desk Calendar 2025;4;1775;5;6745;1303;2247;Credit Card;6745;;;
ORD-10898;31/05/2024;Diego Schmidt;Consumer;South Africa;Middle East & Africa;Furniture;Monitor Riser Wood;1;6718;0;6718;1209;1478;PayPal;6718;;;
ORD-11311;28/06/2024;Sophie Li;Consumer;Japan;Asia Pacific;Furniture;Monitor Riser Wood;2;3334;0;6668;1135;1532;Credit Card;6668;;;
ORD-11834;29/05/2023;Hanna Davis;Consumer;United Kingdom;Europe;Clothing & Accessories;Travel Backpack 30L;2;3316;0;6632;1138;2178;Credit Card;6632;;;
ORD-10181;01/06/2025;Lucas Kim;Consumer;United States;North America;Furniture;Floating Wall Shelves Set;1;6587;0;6587;661;1974;PayPal;6587;;;
ORD-10736;17/01/2023;Jennifer Russo;Home Office;United States;North America;Technology;Smart LED Desk Lamp;2;3291;0;6582;755;2207;PayPal;6582;;;
ORD-10819;21/02/2024;Oscar Wang;Home Office;United Kingdom;Europe;Clothing & Accessories;Sports Water Bottle 750ml;5;1307;0;6535;1322;1945;Bank Transfer;6535;;;
ORD-10646;27/02/2023;Sophie Harris;Consumer;Argentina;South America;Office Supplies;Paper Clips Box 500pc;9;724;0;6516;1895;1689;PayPal;6516;;;
ORD-10843;22/02/2023;Jennifer Moreau;Corporate;Canada;North America;Technology;Tablet Stand Holder;2;3206;0;6412;782;2103;Cash on Delivery;6412;;;
ORD-11879;25/04/2025;Giulia Miller;Consumer;Australia;Asia Pacific;Furniture;Standing Desk Converter;2;3206;0;6412;121;24438;Credit Card;6412;;;
ORD-10595;27/05/2024;Richard Johnson;Consumer;South Africa;Middle East & Africa;Technology;Wireless Ergonomic Mouse;2;3192;0;6384;1333;154;Bank Transfer;6384;;;
ORD-11163;28/11/2025;Jessica Pereira;Consumer;Argentina;South America;Office Supplies;Highlighters Neon Pack 6;6;1063;0;6378;1767;1741;Credit Card;6378;;;
ORD-10360;21/11/2023;Wei Fischer;Consumer;Argentina;South America;Office Supplies;Premium Notebook Set A5;3;2066;0;6198;1439;197;Credit Card;6198;;;
ORD-10538;18/03/2025;Richard Ali;Consumer;Japan;Asia Pacific;Clothing & Accessories;Cotton Formal Shirt;1;6185;0;6185;1116;1977;PayPal;6185;;;
ORD-10156;25/02/2024;Karen Anderson;Consumer;United Kingdom;Europe;Furniture;Floating Wall Shelves Set;1;6118;0;6118;833;1614;PayPal;6118;;;
ORD-11780;31/08/2023;Clara Tanaka;Corporate;UAE;Middle East & Africa;Technology;Tablet Stand Holder;3;2028;0;6084;1583;1155;Credit Card;6084;;;
ORD-11422;03/09/2023;David Clark;Consumer;Germany;Europe;Furniture;Folding Table Portable;10;671;10;6039;1447;18683;Cash on Delivery;6039;;;
ORD-10109;06/12/2023;Thomas Ferrari;Consumer;Mexico;North America;Office Supplies;Premium Notebook Set A5;4;1498;0;5992;1055;2241;Credit Card;5992;;;
ORD-10787;01/02/2023;Ahmed Clark;Consumer;Canada;North America;Technology;Tablet Stand Holder;3;1994;0;5982;861;1831;Bank Transfer;5982;;;
ORD-11928;03/02/2024;Kenji Dubois;Home Office;Spain;Europe;Furniture;Mesh Back Task Chair;2;2978;0;5956;1167;22657;PayPal;5956;;;
ORD-11356;12/01/2023;Maria Tanaka;Consumer;Colombia;South America;Clothing & Accessories;Travel Backpack 30L;1;5948;0;5948;1142;1832;Credit Card;5948;;;
ORD-11004;08/07/2025;Marco Ferrari;Consumer;Japan;Asia Pacific;Technology;Mechanical Gaming Keyboard;1;5917;0;5917;1108;1555;Credit Card;5917;;;
ORD-11080;07/06/2023;Zara Ferrari;Consumer;United States;North America;Technology;Wireless Ergonomic Mouse;2;3245;10;5841;862;1409;Credit Card;5841;;;
ORD-10429;24/10/2023;Karen Robinson;Home Office;China;Asia Pacific;Technology;Wireless Ergonomic Mouse;11;529;0;5819;1752;24433;Bank Transfer;5819;;;
ORD-11912;13/04/2023;Lucas Chen;Consumer;Australia;Asia Pacific;Office Supplies;Whiteboard Markers Set 8;4;1389;0;5556;1826;123;Credit Card;5556;;;
ORD-10155;12/12/2025;Li Kim;Consumer;Japan;Asia Pacific;Furniture;Desk Organizer Set;3;1851;0;5553;1379;842;PayPal;5553;;;
ORD-11765;29/05/2024;Emma Weber;Corporate;Colombia;South America;Office Supplies;Whiteboard Markers Set 8;4;1535;10;5526;1312;1451;Cash on Delivery;5526;;;
ORD-10565;13/11/2025;Thomas Laurent;Home Office;United States;North America;Office Supplies;Tape Dispenser Heavy Duty;4;1379;0;5516;1412;1622;PayPal;5516;;;
ORD-10841;07/03/2024;Carlos Martinez;Consumer;Colombia;South America;Technology;Tablet Stand Holder;2;2757;0;5514;1215;1266;PayPal;5514;;;
ORD-11174;19/03/2024;Fatima Singh;Corporate;Australia;Asia Pacific;Clothing & Accessories;Cotton Formal Shirt;3;2444;25;5499;1217;616;PayPal;5499;;;
ORD-10017;31/01/2023;Kenji Nilsson;Home Office;Japan;Asia Pacific;Clothing & Accessories;Silk Tie Collection;3;1832;0;5496;1291;1457;Credit Card;5496;;;
ORD-10667;21/04/2023;Felix Miller;Consumer;South Korea;Asia Pacific;Clothing & Accessories;Canvas Messenger Bag;1;5474;0;5474;1089;1648;Credit Card;5474;;;
ORD-11852;06/01/2025;James Johansson;Home Office;Mexico;North America;Office Supplies;Premium Notebook Set A5;3;1818;0;5454;727;2273;PayPal;5454;;;
ORD-10383;29/01/2023;Michael Harris;Home Office;Argentina;South America;Clothing & Accessories;Canvas Messenger Bag;1;5425;0;5425;1158;1554;Credit Card;5425;;;
ORD-10977;05/07/2023;Ingrid Khan;Home Office;Mexico;North America;Office Supplies;Whiteboard Markers Set 8;4;1595;15;5423;862;169;Cash on Delivery;5423;;;
ORD-11941;18/03/2024;Ivan Patel;Consumer;Italy;Europe;Furniture;Monitor Riser Wood;1;5347;0;5347;883;1256;PayPal;5347;;;
ORD-11542;11/10/2024;Raj Schmidt;Consumer;China;Asia Pacific;Office Supplies;Premium Notebook Set A5;3;1778;0;5334;1347;1587;Credit Card;5334;;;
ORD-11364;12/01/2025;Barbara Khan;Consumer;United States;North America;Clothing & Accessories;Leather Wallet Minimalist;3;1766;0;5298;67;1979;Credit Card;5298;;;
ORD-10142;17/12/2025;Ingrid Li;Consumer;Spain;Europe;Technology;Tablet Stand Holder;1;5293;0;5293;813;1569;Credit Card;5293;;;
ORD-10945;26/07/2023;Karen Thomas;Corporate;United States;North America;Technology;Tablet Stand Holder;1;5278;0;5278;62;1755;Credit Card;5278;;;
ORD-10159;15/03/2025;Sarah Sharma;Home Office;Mexico;North America;Office Supplies;Sticky Notes Multicolor 6-Pack;5;1318;20;5272;1213;1093;Bank Transfer;5272;;;
ORD-10849;09/05/2025;Zara Miller;Consumer;Argentina;South America;Clothing & Accessories;Wool Blend Scarf;2;2613;0;5226;1483;113;PayPal;5226;;;
ORD-11104;14/05/2024;Zara White;Consumer;UAE;Middle East & Africa;Office Supplies;Ballpoint Pen Pack 12;5;1088;5;5168;1695;1025;Credit Card;5168;;;
ORD-11875;23/06/2025;David Kumar;Consumer;Spain;Europe;Technology;Wireless Ergonomic Mouse;1;5163;0;5163;78;1543;PayPal;5163;;;
ORD-11127;10/04/2025;Diego Weber;Home Office;Germany;Europe;Furniture;Filing Cabinet 3-Drawer;4;1287;0;5148;1027;19565;Credit Card;5148;;;
ORD-11021;25/05/2024;Oscar Anderson;Corporate;India;Asia Pacific;Clothing & Accessories;Leather Belt Classic;1;5137;0;5137;1126;1442;PayPal;5137;;;
ORD-10711;28/01/2023;Mary Ferrari;Consumer;United Kingdom;Europe;Office Supplies;Premium Notebook Set A5;5;1025;0;5125;1889;93;PayPal;5125;;;
ORD-11239;17/09/2023;Ali Johansson;Corporate;United States;North America;Clothing & Accessories;Business Casual Blazer;5;1336;25;5010;1442;15258;Credit Card;5010;;;
ORD-11446;16/08/2024;Wei Suzuki;Consumer;Argentina;South America;Clothing & Accessories;Travel Backpack 30L;6;980;15;4998;2034;18546;Credit Card;4998;;;
ORD-11598;26/02/2023;Ingrid Schmidt;Consumer;Italy;Europe;Furniture;Folding Table Portable;6;823;0;4938;1243;18509;PayPal;4938;;;
ORD-11560;16/02/2023;Ayumi Nilsson;Home Office;Nigeria;Middle East & Africa;Technology;Webcam HD 1080p;1;4895;0;4895;1232;971;PayPal;4895;;;
ORD-11291;06/07/2025;Mary Laurent;Consumer;India;Asia Pacific;Technology;Tablet Stand Holder;4;1622;25;4866;1663;-365;PayPal;4866;;;
ORD-11743;02/11/2025;Xiao Jackson;Consumer;Mexico;North America;Office Supplies;Premium Notebook Set A5;2;2423;0;4846;791;1874;Cash on Delivery;4846;;;
ORD-11023;06/09/2024;Olivia Garcia;Home Office;United States;North America;Office Supplies;Desk Calendar 2025;8;755;20;4832;1215;899;PayPal;4832;;;
ORD-11308;14/03/2025;Ivan Leroy;Home Office;Mexico;North America;Clothing & Accessories;Leather Wallet Minimalist;1;4823;0;4823;621;179;Bank Transfer;4823;;;
ORD-10581;05/07/2024;Pierre Weber;Corporate;United Kingdom;Europe;Technology;Wireless Ergonomic Mouse;1;4766;0;4766;877;1268;Cash on Delivery;4766;;;
ORD-11331;03/01/2025;Thomas Thomas;Home Office;Mexico;North America;Office Supplies;Premium Notebook Set A5;2;2383;0;4766;887;1734;Bank Transfer;4766;;;
ORD-10650;08/01/2024;Carlos Ahmed;Consumer;Canada;North America;Technology;Tablet Stand Holder;1;4757;0;4757;587;1554;Bank Transfer;4757;;;
ORD-11900;27/02/2023;Oscar Jones;Consumer;Canada;North America;Clothing & Accessories;Silk Tie Collection;2;2625;10;4725;627;1473;Credit Card;4725;;;
ORD-11571;20/05/2025;Olivia Clark;Corporate;UAE;Middle East & Africa;Furniture;Monitor Riser Wood;1;4637;0;4637;1269;586;Bank Transfer;4637;;;
ORD-11710;26/11/2025;Felix Singh;Consumer;Japan;Asia Pacific;Clothing & Accessories;Business Casual Blazer;1;4556;0;4556;1116;1162;Credit Card;4556;;;
ORD-10502;17/10/2025;Sarah Johnson;Consumer;United States;North America;Office Supplies;Desk Calendar 2025;4;1136;0;4544;1198;1301;Credit Card;4544;;;
ORD-10265;24/01/2024;Nadia Zhang;Consumer;South Korea;Asia Pacific;Office Supplies;Tape Dispenser Heavy Duty;3;1885;20;4524;1265;714;Credit Card;4524;;;
ORD-10405;05/11/2024;Zara Fischer;Consumer;India;Asia Pacific;Furniture;Floating Wall Shelves Set;1;4469;0;4469;1064;724;Cash on Delivery;4469;;;
ORD-11402;19/07/2024;Li Davis;Home Office;United States;North America;Technology;Smart LED Desk Lamp;1;4459;0;4459;724;1283;Cash on Delivery;4459;;;
ORD-11181;04/10/2023;Joseph Leroy;Consumer;Colombia;South America;Technology;USB-C Hub Multiport Adapter;1;4426;0;4426;1232;76;PayPal;4426;;;
ORD-11996;27/12/2023;Priya Li;Consumer;Colombia;South America;Office Supplies;Highlighters Neon Pack 6;5;883;0;4415;1901;527;Bank Transfer;4415;;;
ORD-10094;18/07/2025;Patricia Garcia;Corporate;Canada;North America;Furniture;Desk Organizer Set;2;2902;25;4353;838;33;Cash on Delivery;4353;;;
ORD-11982;29/07/2024;William Moreau;Consumer;United States;North America;Furniture;Floating Wall Shelves Set;1;4348;0;4348;689;105;Bank Transfer;4348;;;
ORD-11205;24/02/2023;Zara White;Consumer;France;Europe;Office Supplies;Binder Clips Assorted 48pc;6;714;0;4284;1259;1097;PayPal;4284;;;
ORD-10506;12/02/2025;Ahmed Dubois;Consumer;Mexico;North America;Furniture;Monitor Riser Wood;1;4263;0;4263;717;988;Credit Card;4263;;;
ORD-10332;19/04/2024;Ali Thomas;Consumer;South Korea;Asia Pacific;Office Supplies;Premium Notebook Set A5;4;1412;25;4236;1169;525;Credit Card;4236;;;
ORD-10912;27/10/2024;William Ferrari;Corporate;United Kingdom;Europe;Office Supplies;Desk Calendar 2025;3;1397;0;4191;1072;1233;Bank Transfer;4191;;;
ORD-11065;19/02/2023;Priya Wang;Consumer;France;Europe;Clothing & Accessories;Silk Tie Collection;2;2092;0;4184;106;1032;Cash on Delivery;4184;;;
ORD-11902;17/11/2024;Christopher Miller;Consumer;Australia;Asia Pacific;Office Supplies;Ballpoint Pen Pack 12;3;1386;0;4158;1305;982;PayPal;4158;;;
ORD-11494;25/07/2023;Fatima Smith;Corporate;Colombia;South America;Clothing & Accessories;Canvas Messenger Bag;1;4108;0;4108;1171;883;Cash on Delivery;4108;;;
ORD-10133;16/09/2025;Patricia Weber;Home Office;France;Europe;Technology;Smart LED Desk Lamp;1;3987;0;3987;838;956;PayPal;3987;;;
ORD-10797;18/06/2025;Amina Taylor;Home Office;South Africa;Middle East & Africa;Clothing & Accessories;Travel Backpack 30L;1;3986;0;3986;1178;815;Bank Transfer;3986;;;
ORD-11493;11/04/2025;Amina Khan;Corporate;Japan;Asia Pacific;Clothing & Accessories;Leather Wallet Minimalist;1;3965;0;3965;1101;881;Bank Transfer;3965;;;
ORD-11640;07/07/2025;Christopher Chen;Consumer;Japan;Asia Pacific;Clothing & Accessories;Silk Tie Collection;3;1301;0;3903;1495;457;PayPal;3903;;;
ORD-11563;12/05/2025;Oscar Martin;Consumer;Spain;Europe;Technology;Wireless Ergonomic Mouse;1;3897;0;3897;855;899;Credit Card;3897;;;
ORD-11986;11/12/2023;Sophie Miller;Home Office;United States;North America;Office Supplies;Whiteboard Markers Set 8;2;1932;0;3864;947;1178;PayPal;3864;;;
ORD-10936;26/05/2024;Jamal Williams;Corporate;Italy;Europe;Technology;Tablet Stand Holder;1;3844;0;3844;819;911;PayPal;3844;;;
ORD-11897;20/02/2025;Mary Miller;Home Office;France;Europe;Technology;Wireless Ergonomic Mouse;1;4745;20;3796;872;314;Credit Card;3796;;;
ORD-10608;25/08/2024;Sophie Williams;Corporate;South Korea;Asia Pacific;Office Supplies;Whiteboard Markers Set 8;4;995;5;3781;1201;789;PayPal;3781;;;
ORD-10286;15/09/2024;Oscar Williams;Corporate;United States;North America;Clothing & Accessories;Sports Water Bottle 750ml;4;1255;25;3765;991;264;Credit Card;3765;;;
ORD-10426;15/09/2024;Ayumi Thomas;Consumer;South Africa;Middle East & Africa;Clothing & Accessories;Polarized Sunglasses;8;625;25;3750;2432;10068;PayPal;3750;;;
ORD-11265;28/06/2024;Maria Hassan;Consumer;France;Europe;Furniture;Mesh Back Task Chair;3;1225;0;3675;935;13765;Credit Card;3675;;;
ORD-10540;23/10/2024;Thomas Jackson;Home Office;South Africa;Middle East & Africa;Office Supplies;Ballpoint Pen Pack 12;3;1211;0;3633;1403;595;Credit Card;3633;;;
ORD-11301;15/08/2024;Emma Suzuki;Consumer;South Korea;Asia Pacific;Office Supplies;Ballpoint Pen Pack 12;2;1794;0;3588;1285;688;Cash on Delivery;3588;;;
ORD-11976;14/08/2024;Jennifer Anderson;Corporate;Mexico;North America;Office Supplies;Ballpoint Pen Pack 12;5;893;20;3572;926;637;PayPal;3572;;;
ORD-10102;26/04/2023;Kenji Jones;Consumer;India;Asia Pacific;Furniture;Standing Desk Converter;2;1776;0;3552;1333;12875;Credit Card;3552;;;
ORD-11169;11/08/2023;Hanna Rossi;Consumer;Germany;Europe;Office Supplies;Binder Clips Assorted 48pc;5;776;10;3492;1579;167;PayPal;3492;;;
ORD-10571;30/08/2023;Chen Rodriguez;Home Office;Spain;Europe;Office Supplies;Highlighters Neon Pack 6;5;873;20;3492;1319;209;Cash on Delivery;3492;;;
ORD-11865;25/06/2025;Olga Yamamoto;Consumer;UAE;Middle East & Africa;Technology;Wireless Ergonomic Mouse;1;3477;0;3477;1176;389;Credit Card;3477;;;
ORD-10680;04/08/2023;Mary Miller;Consumer;Argentina;South America;Office Supplies;Ballpoint Pen Pack 12;5;728;5;3458;2071;-251;PayPal;3458;;;
ORD-11049;06/08/2024;Priya Schmidt;Consumer;Australia;Asia Pacific;Technology;USB-C Hub Multiport Adapter;1;3453;0;3453;1015;539;PayPal;3453;;;
ORD-10507;26/05/2025;Patricia Kim;Home Office;United Kingdom;Europe;Furniture;Desk Organizer Set;1;3354;0;3354;797;545;Credit Card;3354;;;
ORD-11124;07/09/2024;Omar Weber;Home Office;Brazil;South America;Clothing & Accessories;Canvas Messenger Bag;1;3192;0;3192;1207;389;Cash on Delivery;3192;;;
ORD-10466;16/09/2024;Zara Harris;Corporate;Canada;North America;Technology;Wireless Ergonomic Mouse;5;629;0;3145;1205;12947;Bank Transfer;3145;;;
ORD-11176;01/08/2025;Carlos Thomas;Home Office;Canada;North America;Technology;Wireless Ergonomic Mouse;1;3128;0;3128;732;676;Credit Card;3128;;;
ORD-11551;11/01/2024;Nadia Martin;Home Office;China;Asia Pacific;Technology;Wireless Ergonomic Mouse;5;621;0;3105;1164;12808;Bank Transfer;3105;;;
ORD-11247;31/07/2023;Felix Costa;Home Office;Saudi Arabia;Middle East & Africa;Furniture;Bookshelf 5-Tier;4;965;20;3088;1449;6271;Bank Transfer;3088;;;
ORD-10526;13/07/2025;Thomas Oliveira;Corporate;France;Europe;Furniture;Bookshelf 5-Tier;4;965;20;3088;154;618;Credit Card;3088;;;
ORD-11824;27/07/2023;Elizabeth Sato;Consumer;UAE;Middle East & Africa;Furniture;Floating Wall Shelves Set;4;759;0;3036;1496;10648;PayPal;3036;;;
ORD-11757;27/03/2025;Oscar Thompson;Consumer;South Korea;Asia Pacific;Office Supplies;Whiteboard Markers Set 8;2;2022;25;3033;1069;144;PayPal;3033;;;
ORD-11363;01/05/2023;Mia Smith;Consumer;Canada;North America;Technology;Tablet Stand Holder;1;2987;0;2987;643;701;Bank Transfer;2987;;;
ORD-10911;06/05/2025;Xiao Sharma;Consumer;Argentina;South America;Clothing & Accessories;Polarized Sunglasses;1;2971;0;2971;1172;313;PayPal;2971;;;
ORD-10669;24/11/2024;Ava Fischer;Consumer;Mexico;North America;Office Supplies;Desk Calendar 2025;2;1478;0;2956;696;93;PayPal;2956;;;
ORD-10943;16/12/2025;Noah Jones;Consumer;Australia;Asia Pacific;Office Supplies;Binder Clips Assorted 48pc;2;1478;0;2956;1249;377;Credit Card;2956;;;
ORD-10861;16/03/2023;Isabella Martin;Consumer;China;Asia Pacific;Office Supplies;Binder Clips Assorted 48pc;2;1459;0;2918;1225;38;PayPal;2918;;;
ORD-10270;07/06/2025;Ahmed Weber;Corporate;China;Asia Pacific;Office Supplies;Binder Clips Assorted 48pc;3;972;0;2916;137;234;Bank Transfer;2916;;;
ORD-11348;11/11/2025;Liam Sharma;Consumer;Colombia;South America;Office Supplies;Highlighters Neon Pack 6;5;676;15;2873;180;-448;Credit Card;2873;;;
ORD-10685;18/05/2025;William Zhang;Consumer;Brazil;South America;Office Supplies;Desk Calendar 2025;3;1272;25;2862;1683;-538;PayPal;2862;;;
ORD-11580;15/02/2024;Chen Garcia;Consumer;China;Asia Pacific;Technology;Smart LED Desk Lamp;1;2843;0;2843;1131;148;Cash on Delivery;2843;;;
ORD-11444;11/07/2024;Hans Fischer;Consumer;Australia;Asia Pacific;Office Supplies;Stapler Full-Size;3;942;0;2826;158;-26;PayPal;2826;;;
ORD-11602;25/06/2025;Chen Martin;Consumer;Italy;Europe;Office Supplies;Whiteboard Markers Set 8;4;706;0;2824;1362;191;Cash on Delivery;2824;;;
ORD-11416;25/04/2025;Liam Clark;Consumer;Nigeria;Middle East & Africa;Technology;Wireless Ergonomic Mouse;10;313;10;2817;1636;9319;PayPal;2817;;;
ORD-10361;28/04/2024;Lucas Brown;Home Office;United States;North America;Office Supplies;Whiteboard Markers Set 8;5;624;10;2808;1146;258;Credit Card;2808;;;
ORD-10986;03/09/2025;Robert Leroy;Consumer;India;Asia Pacific;Clothing & Accessories;Leather Belt Classic;2;1755;20;2808;111;-57;Credit Card;2808;;;
ORD-10045;28/07/2023;Sakura Jones;Corporate;Saudi Arabia;Middle East & Africa;Office Supplies;Paper Clips Box 500pc;3;895;0;2685;184;-363;Bank Transfer;2685;;;
ORD-10833;11/10/2024;Michael Ferrari;Consumer;Italy;Europe;Technology;Tablet Stand Holder;1;2672;0;2672;904;298;Credit Card;2672;;;
ORD-11653;27/06/2023;Carlos Rodriguez;Consumer;UAE;Middle East & Africa;Clothing & Accessories;Silk Tie Collection;1;2653;0;2653;1343;-16;Cash on Delivery;2653;;;
ORD-10006;14/04/2024;Hans Kumar;Consumer;Japan;Asia Pacific;Clothing & Accessories;Wool Blend Scarf;1;3305;20;2644;1063;-71;Bank Transfer;2644;;;
ORD-10771;05/09/2025;Ayumi Singh;Consumer;Spain;Europe;Office Supplies;Paper Clips Box 500pc;5;525;0;2625;1214;23;Credit Card;2625;;;
ORD-10354;18/04/2024;Amina Clark;Consumer;France;Europe;Office Supplies;Tape Dispenser Heavy Duty;2;1435;10;2583;958;333;Credit Card;2583;;;
ORD-10198;17/04/2025;Mary Weber;Consumer;Nigeria;Middle East & Africa;Office Supplies;Binder Clips Assorted 48pc;2;1281;0;2562;1426;-17;Bank Transfer;2562;;;
ORD-10233;02/03/2023;Fatima Rossi;Consumer;Australia;Asia Pacific;Furniture;Desk Organizer Set;1;2466;0;2466;1127;-141;Credit Card;2466;;;
ORD-11019;04/07/2023;Robert Smith;Home Office;South Africa;Middle East & Africa;Furniture;Desk Organizer Set;1;2414;0;2414;1318;-352;Credit Card;2414;;;
ORD-11959;04/09/2024;Ali Patel;Consumer;Saudi Arabia;Middle East & Africa;Technology;Tablet Stand Holder;8;299;0;2392;1561;9203;PayPal;2392;;;
ORD-10743;19/10/2025;Liam Smith;Consumer;Germany;Europe;Clothing & Accessories;Cotton Formal Shirt;4;596;0;2384;1478;10442;Cash on Delivery;2384;;;
ORD-11707;06/06/2023;David Smith;Corporate;France;Europe;Office Supplies;Stapler Full-Size;3;793;0;2379;1401;-93;PayPal;2379;;;
ORD-10097;15/10/2025;Sarah Kim;Consumer;United Kingdom;Europe;Office Supplies;Desk Calendar 2025;3;781;0;2343;1185;104;PayPal;2343;;;
ORD-10204;29/09/2025;Sophie Martinez;Corporate;Nigeria;Middle East & Africa;Technology;Portable External SSD 1TB;2;1165;0;2330;1518;8967;Bank Transfer;2330;;;
ORD-11792;08/12/2024;Jamal Wang;Consumer;United States;North America;Office Supplies;Stapler Full-Size;2;1164;0;2328;851;429;Credit Card;2328;;;
ORD-10191;01/05/2025;Karen Hassan;Home Office;France;Europe;Clothing & Accessories;Cotton Formal Shirt;9;258;0;2322;1711;9899;PayPal;2322;;;
ORD-10023;25/08/2023;Omar Singh;Consumer;South Africa;Middle East & Africa;Clothing & Accessories;Sports Water Bottle 750ml;2;1142;0;2284;1337;-195;PayPal;2284;;;
ORD-10637;19/03/2023;Mia Weber;Consumer;United States;North America;Office Supplies;Highlighters Neon Pack 6;2;1139;0;2278;857;396;Bank Transfer;2278;;;
ORD-10447;06/09/2023;Hans Smith;Consumer;Australia;Asia Pacific;Office Supplies;Whiteboard Markers Set 8;2;1134;0;2268;1399;-152;PayPal;2268;;;
ORD-10570;20/06/2025;Felix Pereira;Consumer;Italy;Europe;Office Supplies;Highlighters Neon Pack 6;2;1132;0;2264;1002;243;PayPal;2264;;;
ORD-11075;06/09/2025;Nadia Ahmed;Consumer;Spain;Europe;Office Supplies;Stapler Full-Size;3;754;0;2262;1042;202;Credit Card;2262;;;
ORD-11761;12/11/2023;Oscar Thomas;Consumer;India;Asia Pacific;Clothing & Accessories;Sports Water Bottle 750ml;1;2215;0;2215;1089;18;Bank Transfer;2215;;;
ORD-10703;05/05/2023;Priya Chen;Home Office;Mexico;North America;Office Supplies;Sticky Notes Multicolor 6-Pack;2;1215;10;2187;948;146;Cash on Delivery;2187;;;
ORD-10325;03/01/2023;Jessica Garcia;Consumer;Mexico;North America;Office Supplies;Binder Clips Assorted 48pc;2;1074;0;2148;812;369;Credit Card;2148;;;
ORD-11220;31/01/2023;Amir Hassan;Consumer;United States;North America;Clothing & Accessories;Cotton Formal Shirt;4;536;0;2144;852;9868;PayPal;2144;;;
ORD-10887;24/03/2023;Mia Ferrari;Consumer;India;Asia Pacific;Clothing & Accessories;Sports Water Bottle 750ml;2;1037;0;2074;1231;-194;PayPal;2074;;;
ORD-11652;22/10/2023;Lucas Suzuki;Consumer;Canada;North America;Office Supplies;Premium Notebook Set A5;1;2053;0;2053;624;505;Credit Card;2053;;;
ORD-10582;19/05/2024;Robert Thompson;Corporate;Japan;Asia Pacific;Office Supplies;Desk Calendar 2025;2;1026;0;2052;1254;-125;Credit Card;2052;;;
ORD-10845;01/06/2023;Ahmed Dubois;Consumer;Spain;Europe;Office Supplies;Whiteboard Markers Set 8;1;2028;0;2028;891;224;PayPal;2028;;;
ORD-11343;15/07/2024;Amina Romano;Corporate;UAE;Middle East & Africa;Clothing & Accessories;Leather Belt Classic;1;2515;20;2012;1322;-567;Cash on Delivery;2012;;;
ORD-11491;16/09/2024;Carlos Yamamoto;Consumer;Mexico;North America;Clothing & Accessories;Cotton Formal Shirt;1;2004;0;2004;651;351;Credit Card;2004;;;
ORD-11946;10/10/2023;James Harris;Corporate;Canada;North America;Furniture;Desk Organizer Set;1;1995;0;1995;689;109;Credit Card;1995;;;
ORD-10482;18/05/2025;Hanna Nilsson;Consumer;Mexico;North America;Office Supplies;Binder Clips Assorted 48pc;3;654;0;1962;775;304;PayPal;1962;;;
ORD-10001;29/07/2023;Joseph Johnson;Corporate;United States;North America;Office Supplies;Tape Dispenser Heavy Duty;2;948;0;1896;687;356;PayPal;1896;;;
ORD-11428;31/03/2024;Mary Weber;Consumer;France;Europe;Office Supplies;Tape Dispenser Heavy Duty;1;1875;0;1875;922;109;PayPal;1875;;;
ORD-11078;20/04/2025;Layla Leroy;Corporate;Saudi Arabia;Middle East & Africa;Technology;USB-C Hub Multiport Adapter;4;467;0;1868;1705;6701;Credit Card;1868;;;
ORD-10246;05/03/2023;Barbara Ali;Corporate;Australia;Asia Pacific;Office Supplies;Stapler Full-Size;1;1857;0;1857;991;3;Credit Card;1857;;;
ORD-11111;28/11/2023;Xiao Harris;Consumer;China;Asia Pacific;Office Supplies;Premium Notebook Set A5;2;914;0;1828;1184;-179;Bank Transfer;1828;;;
ORD-10651;12/08/2023;Giulia Pereira;Consumer;South Korea;Asia Pacific;Clothing & Accessories;Leather Belt Classic;1;1819;0;1819;963;-54;Credit Card;1819;;;
ORD-10825;26/12/2023;Raj Singh;Consumer;South Korea;Asia Pacific;Office Supplies;Paper Clips Box 500pc;2;893;0;1786;1004;-22;Credit Card;1786;;;
ORD-11295;01/11/2023;Kenji Martin;Home Office;Nigeria;Middle East & Africa;Technology;Tablet Stand Holder;1;1756;0;1756;1321;-531;Credit Card;1756;;;
ORD-11147;28/12/2023;Priya Johansson;Consumer;India;Asia Pacific;Furniture;Filing Cabinet 3-Drawer;1;1727;0;1727;1133;5775;Bank Transfer;1727;;;
ORD-10854;26/04/2025;Ingrid Robinson;Home Office;Argentina;South America;Technology;Mechanical Gaming Keyboard;1;1722;0;1722;1238;6511;Credit Card;1722;;;
ORD-10247;15/03/2025;Giulia Singh;Consumer;United States;North America;Clothing & Accessories;Leather Belt Classic;1;1718;0;1718;715;144;PayPal;1718;;;
ORD-11840;08/09/2023;Omar Russo;Home Office;Australia;Asia Pacific;Office Supplies;Paper Clips Box 500pc;4;419;0;1676;1327;-405;Credit Card;1676;;;
ORD-11618;01/11/2024;Christopher Fischer;Consumer;United Kingdom;Europe;Office Supplies;Highlighters Neon Pack 6;2;829;0;1658;877;35;PayPal;1658;;;
ORD-10639;24/06/2025;Hans Ferrari;Home Office;Germany;Europe;Office Supplies;Ballpoint Pen Pack 12;1;1631;0;1631;877;2;Credit Card;1631;;;
ORD-11698;05/08/2024;Layla Zhang;Corporate;United States;North America;Office Supplies;Stapler Full-Size;2;792;0;1584;807;64;PayPal;1584;;;
ORD-10793;13/01/2023;Zara Brown;Corporate;Italy;Europe;Office Supplies;Tape Dispenser Heavy Duty;1;1582;0;1582;916;-46;PayPal;1582;;;
ORD-11547;31/01/2024;Mary Russo;Home Office;Argentina;South America;Office Supplies;Binder Clips Assorted 48pc;1;1566;0;1566;1077;-216;Credit Card;1566;;;
ORD-11841;21/04/2025;Pierre Garcia;Home Office;United States;North America;Office Supplies;Binder Clips Assorted 48pc;1;1562;0;1562;66;199;Bank Transfer;1562;;;
ORD-10257;05/07/2024;Sarah Clark;Home Office;France;Europe;Office Supplies;Stapler Full-Size;1;1539;0;1539;915;-69;Bank Transfer;1539;;;
ORD-11801;20/02/2025;Thomas Tanaka;Consumer;India;Asia Pacific;Office Supplies;Whiteboard Markers Set 8;1;1532;0;1532;1087;-244;Credit Card;1532;;;
ORD-11970;11/11/2025;Sophie Zhang;Consumer;Mexico;North America;Office Supplies;Paper Clips Box 500pc;2;754;0;1508;617;212;Credit Card;1508;;;
ORD-10313;24/09/2025;Noah Fischer;Consumer;France;Europe;Office Supplies;Desk Calendar 2025;1;1504;0;1504;915;-88;Cash on Delivery;1504;;;
ORD-10209;29/05/2025;Michael Yamamoto;Corporate;China;Asia Pacific;Office Supplies;Ballpoint Pen Pack 12;3;501;0;1503;1186;-359;PayPal;1503;;;
ORD-11658;29/05/2024;Hanna Kim;Consumer;Saudi Arabia;Middle East & Africa;Office Supplies;Desk Calendar 2025;1;1473;0;1473;1236;-426;Credit Card;1473;;;
ORD-11084;22/06/2024;Sakura Müller;Corporate;Spain;Europe;Furniture;Bookshelf 5-Tier;1;1415;0;1415;79;487;Credit Card;1415;;;
ORD-10588;23/12/2024;Patricia Costa;Home Office;United Kingdom;Europe;Clothing & Accessories;Polarized Sunglasses;2;693;0;1386;1107;5823;PayPal;1386;;;
ORD-11617;16/11/2024;Felix Romano;Corporate;Mexico;North America;Office Supplies;Sticky Notes Multicolor 6-Pack;2;686;0;1372;81;-55;Bank Transfer;1372;;;
ORD-10208;10/09/2024;Ivan Thomas;Home Office;Colombia;South America;Technology;Portable External SSD 1TB;2;684;0;1368;1366;479;PayPal;1368;;;
ORD-11661;05/12/2023;Nadia Rossi;Consumer;Japan;Asia Pacific;Furniture;Monitor Riser Wood;2;675;0;1350;1337;4063;Credit Card;1350;;;
ORD-11864;21/10/2024;Zara Hassan;Consumer;United States;North America;Office Supplies;Desk Calendar 2025;1;1336;0;1336;732;3;Credit Card;1336;;;
ORD-11919;20/02/2025;Sakura Harris;Consumer;Germany;Europe;Office Supplies;Sticky Notes Multicolor 6-Pack;1;1293;0;1293;894;-183;PayPal;1293;;;
ORD-10697;19/09/2024;Sakura Garcia;Home Office;Spain;Europe;Office Supplies;Sticky Notes Multicolor 6-Pack;2;644;0;1288;971;-263;Credit Card;1288;;;
ORD-10034;26/04/2024;Ali Dubois;Corporate;Japan;Asia Pacific;Office Supplies;Sticky Notes Multicolor 6-Pack;1;1287;0;1287;1147;-439;PayPal;1287;;;
ORD-10193;08/11/2024;Fatima Zhang;Consumer;United States;North America;Office Supplies;Highlighters Neon Pack 6;2;632;0;1264;856;-161;PayPal;1264;;;
ORD-11917;22/03/2023;Fatima Li;Consumer;United States;North America;Office Supplies;Desk Calendar 2025;2;629;0;1258;722;-3;Bank Transfer;1258;;;
ORD-10935;13/02/2024;Patricia Khan;Consumer;Spain;Europe;Office Supplies;Highlighters Neon Pack 6;1;1256;0;1256;815;-124;PayPal;1256;;;
ORD-11186;16/08/2024;Karen Hassan;Consumer;South Korea;Asia Pacific;Office Supplies;Paper Clips Box 500pc;3;411;0;1233;1451;-773;PayPal;1233;;;
ORD-11025;04/05/2024;Patricia Weber;Consumer;Mexico;North America;Office Supplies;Paper Clips Box 500pc;2;614;0;1228;90;-225;Bank Transfer;1228;;;
ORD-11720;04/01/2024;Diego Nilsson;Consumer;Italy;Europe;Office Supplies;Stapler Full-Size;1;1189;0;1189;753;-99;Bank Transfer;1189;;;
ORD-11591;09/04/2025;Priya Romano;Home Office;Italy;Europe;Technology;Wireless Bluetooth Headphones;1;1162;0;1162;759;447;Credit Card;1162;;;
ORD-10893;08/03/2024;Elizabeth Sharma;Consumer;United Kingdom;Europe;Technology;Smart LED Desk Lamp;2;577;0;1154;955;4238;Bank Transfer;1154;;;
ORD-10631;26/05/2024;Michael Ferrari;Consumer;China;Asia Pacific;Furniture;Filing Cabinet 3-Drawer;1;1140;0;1140;953;3607;Bank Transfer;1140;;;
ORD-11821;06/03/2025;Olivia Zhang;Consumer;Mexico;North America;Office Supplies;Paper Clips Box 500pc;3;372;0;1116;925;-311;PayPal;1116;;;
ORD-11260;11/03/2023;Liam Jones;Consumer;Italy;Europe;Office Supplies;Binder Clips Assorted 48pc;1;1111;0;1111;811;-20;Cash on Delivery;1111;;;
ORD-11790;09/11/2024;Wei Wang;Consumer;Japan;Asia Pacific;Office Supplies;Paper Clips Box 500pc;14;75;0;1050;209;3685;Credit Card;1050;;;
ORD-10106;27/09/2024;Karen Ali;Consumer;India;Asia Pacific;Clothing & Accessories;Polarized Sunglasses;4;260;0;1040;1547;3653;PayPal;1040;;;
ORD-10440;04/02/2024;Marco Sharma;Corporate;Germany;Europe;Office Supplies;Desk Calendar 2025;1;1039;0;1039;764;-193;PayPal;1039;;;
ORD-10531;10/03/2024;William Smith;Consumer;Nigeria;Middle East & Africa;Office Supplies;Stapler Full-Size;1;1033;0;1033;1217;-649;Credit Card;1033;;;
ORD-10263;01/08/2024;Felix Romano;Consumer;France;Europe;Technology;Laptop Stand Adjustable;2;515;0;1030;93;3705;Credit Card;1030;;;
ORD-10836;09/10/2025;Jessica Garcia;Consumer;Germany;Europe;Office Supplies;Sticky Notes Multicolor 6-Pack;7;139;0;973;1219;4133;Credit Card;973;;;
ORD-10572;06/12/2025;Oscar Davis;Consumer;Japan;Asia Pacific;Technology;Webcam HD 1080p;2;483;0;966;1011;3336;Credit Card;966;;;
ORD-10995;06/07/2025;Olivia Schmidt;Home Office;Italy;Europe;Clothing & Accessories;Sports Water Bottle 750ml;1;944;0;944;942;-47;PayPal;944;;;
ORD-11524;18/04/2025;Olivia Anderson;Consumer;Mexico;North America;Office Supplies;Paper Clips Box 500pc;1;933;0;933;605;-92;Cash on Delivery;933;;;
ORD-11898;15/12/2025;Xiao Johansson;Home Office;Mexico;North America;Office Supplies;Sticky Notes Multicolor 6-Pack;1;932;0;932;623;-11;Cash on Delivery;932;;;
ORD-11597;07/12/2023;Olivia Laurent;Consumer;Canada;North America;Office Supplies;Highlighters Neon Pack 6;1;923;0;923;644;-136;Bank Transfer;923;;;
ORD-11921;14/04/2023;Priya Jones;Consumer;Saudi Arabia;Middle East & Africa;Office Supplies;Sticky Notes Multicolor 6-Pack;2;454;0;908;1377;-878;PayPal;908;;;
ORD-10384;07/02/2023;Giulia Leroy;Consumer;China;Asia Pacific;Clothing & Accessories;Sports Water Bottle 750ml;1;896;0;896;1108;-66;PayPal;896;;;
ORD-11070;18/08/2023;Wei Santos;Corporate;Canada;North America;Clothing & Accessories;Sports Water Bottle 750ml;1;892;0;892;737;-291;PayPal;892;;;
ORD-11944;05/12/2023;John Ferrari;Consumer;Canada;North America;Office Supplies;Premium Notebook Set A5;1;887;0;887;747;-259;PayPal;887;;;
ORD-10310;02/08/2025;Michael Oliveira;Corporate;Colombia;South America;Office Supplies;Ballpoint Pen Pack 12;1;878;0;878;1195;-712;PayPal;878;;;
ORD-10850;28/09/2025;Ethan Chen;Consumer;Canada;North America;Office Supplies;Sticky Notes Multicolor 6-Pack;2;432;0;864;94;-465;PayPal;864;;;
ORD-10416;15/10/2024;Wei Khan;Consumer;Mexico;North America;Office Supplies;Ballpoint Pen Pack 12;1;854;0;854;742;-272;PayPal;854;;;
ORD-11718;15/01/2023;Robert Khan;Consumer;Colombia;South America;Clothing & Accessories;Wool Blend Scarf;2;470;10;846;1483;2277;Credit Card;846;;;
ORD-11060;09/06/2023;Ali Johansson;Home Office;Saudi Arabia;Middle East & Africa;Office Supplies;Premium Notebook Set A5;4;225;15;765;2057;1543;Cash on Delivery;765;;;
ORD-11558;06/04/2024;Chen Martin;Consumer;Germany;Europe;Office Supplies;Paper Clips Box 500pc;8;90;0;720;1677;2283;Credit Card;720;;;
ORD-10815;21/12/2024;Sarah Davis;Consumer;South Africa;Middle East & Africa;Technology;Smart LED Desk Lamp;1;709;0;709;1152;2039;PayPal;709;;;
ORD-11672;11/09/2024;Liam Nilsson;Home Office;United Kingdom;Europe;Office Supplies;Desk Calendar 2025;4;176;0;704;1418;2454;PayPal;704;;;
ORD-11396;05/10/2023;Zara Moreau;Consumer;Brazil;South America;Office Supplies;Desk Calendar 2025;1;683;0;683;1247;-871;PayPal;683;;;
ORD-11468;06/06/2023;Christopher Harris;Consumer;Australia;Asia Pacific;Office Supplies;Ballpoint Pen Pack 12;1;669;0;669;1056;-688;Cash on Delivery;669;;;
ORD-10461;24/10/2023;Elizabeth Fischer;Corporate;Canada;North America;Technology;Tablet Stand Holder;2;332;0;664;888;210;PayPal;664;;;
ORD-10024;09/07/2023;Giulia Dubois;Consumer;Brazil;South America;Office Supplies;Paper Clips Box 500pc;2;331;0;662;1492;-1128;Credit Card;662;;;
ORD-10633;13/11/2024;Wei Moreau;Consumer;Germany;Europe;Technology;Smart LED Desk Lamp;1;577;0;577;794;1802;PayPal;577;;;
ORD-11018;09/10/2024;Liam Schmidt;Consumer;Australia;Asia Pacific;Office Supplies;Stapler Full-Size;4;139;0;556;1178;188;Credit Card;556;;;
ORD-11323;15/09/2023;Hanna Khan;Consumer;Colombia;South America;Technology;Tablet Stand Holder;2;254;0;508;1294;992;Credit Card;508;;;
ORD-10357;16/06/2025;Robert Taylor;Home Office;United States;North America;Office Supplies;Sticky Notes Multicolor 6-Pack;1;499;0;499;634;-36;Bank Transfer;499;;;
ORD-10264;07/04/2025;Omar Thomas;Consumer;Japan;Asia Pacific;Office Supplies;Desk Calendar 2025;4;161;25;483;1308;624;PayPal;483;;;
ORD-11714;14/10/2024;Wei Li;Consumer;China;Asia Pacific;Office Supplies;Highlighters Neon Pack 6;6;70;5;399;1809;291;Credit Card;399;;;
ORD-10942;30/05/2023;Barbara Rossi;Home Office;China;Asia Pacific;Office Supplies;Binder Clips Assorted 48pc;3;140;15;357;1647;33;Credit Card;357;;;
ORD-11051;14/10/2025;Jennifer Dubois;Consumer;China;Asia Pacific;Technology;Laptop Stand Adjustable;1;327;0;327;1093;379;Credit Card;327;;;
ORD-10495;18/12/2023;Mary Laurent;Consumer;Canada;North America;Clothing & Accessories;Sports Water Bottle 750ml;5;81;20;324;167;-455;Cash on Delivery;324;;;
ORD-11600;20/01/2025;Ali Leroy;Consumer;South Korea;Asia Pacific;Furniture;Floating Wall Shelves Set;1;322;0;322;1124;164;Credit Card;322;;;
ORD-11590;21/11/2024;James Oliveira;Corporate;United States;North America;Office Supplies;Paper Clips Box 500pc;6;65;20;312;1669;-304;PayPal;312;;;
ORD-10576;11/09/2023;Fatima Wang;Consumer;India;Asia Pacific;Office Supplies;Ballpoint Pen Pack 12;4;75;10;270;1142;208;PayPal;270;;;
ORD-11662;07/06/2025;Jennifer Thompson;Corporate;Mexico;North America;Office Supplies;Paper Clips Box 500pc;1;344;25;258;669;-566;Credit Card;258;;;
ORD-10250;10/04/2024;Richard Garcia;Corporate;Nigeria;Middle East & Africa;Office Supplies;Binder Clips Assorted 48pc;2;140;10;252;1547;-287;PayPal;252;;;
ORD-10869;04/03/2024;Priya Nilsson;Corporate;Australia;Asia Pacific;Office Supplies;Sticky Notes Multicolor 6-Pack;5;50;0;250;1315;6;Cash on Delivery;250;;;
ORD-10941;18/05/2023;Emma Johansson;Corporate;Canada;North America;Office Supplies;Stapler Full-Size;3;82;0;246;745;608;PayPal;246;;;
ORD-11370;05/09/2024;Ivan Müller;Consumer;France;Europe;Clothing & Accessories;Sports Water Bottle 750ml;2;123;0;246;112;11;Credit Card;246;;;
ORD-10404;10/07/2023;Carlos Schmidt;Corporate;United Kingdom;Europe;Office Supplies;Whiteboard Markers Set 8;2;119;0;238;971;338;PayPal;238;;;
ORD-10682;17/11/2025;Clara Fischer;Corporate;Mexico;North America;Office Supplies;Desk Calendar 2025;3;80;5;228;1201;-1;PayPal;228;;;
ORD-11299;03/04/2024;Isabella Yamamoto;Corporate;Italy;Europe;Office Supplies;Sticky Notes Multicolor 6-Pack;2;91;0;182;966;35;PayPal;182;;;
ORD-10764;13/05/2025;Susan Leroy;Consumer;Japan;Asia Pacific;Office Supplies;Binder Clips Assorted 48pc;2;85;0;170;1321;-386;PayPal;170;;;
ORD-10311;06/08/2024;Noah Hassan;Consumer;Japan;Asia Pacific;Office Supplies;Sticky Notes Multicolor 6-Pack;2;75;10;135;1122;-447;PayPal;135;;;
ORD-11335;24/11/2024;Ivan Martin;Consumer;Italy;Europe;Office Supplies;Sticky Notes Multicolor 6-Pack;1;133;0;133;789;-57;Cash on Delivery;133;;;
ORD-10734;08/06/2024;Elizabeth Taylor;Corporate;Italy;Europe;Office Supplies;Highlighters Neon Pack 6;1;105;0;105;864;-287;Credit Card;105;;;
ORD-10519;09/03/2025;Jessica Park;Home Office;Spain;Europe;Office Supplies;Binder Clips Assorted 48pc;1;74;0;74;805;-398;PayPal;74;;;
ORD-11786;18/03/2023;Felix Santos;Home Office;United Kingdom;Europe;Furniture;Corner L-Shaped Desk;3;32391;15;82597;935;23358;PayPal;82597,05;;;
ORD-11709;10/12/2024;Elizabeth Leroy;Corporate;France;Europe;Furniture;Standing Desk Converter;6;28223;5;160871;2002;57266;Credit Card;160871,1;;;
ORD-10789;15/05/2025;Jamal Hassan;Consumer;Australia;Asia Pacific;Furniture;Standing Desk Converter;8;32326;10;232747;1577;76005;PayPal;232747,2;;;
ORD-10061;06/11/2024;Ethan Sato;Consumer;China;Asia Pacific;Furniture;Corner L-Shaped Desk;9;21511;15;164559;234;4606;PayPal;164559,15;;;
ORD-10642;10/02/2023;Olga Kim;Consumer;Argentina;South America;Furniture;Standing Desk Converter;8;28971;10;208591;1644;67886;Bank Transfer;208591,2;;;
ORD-11090;23/03/2023;Hanna Jones;Corporate;China;Asia Pacific;Furniture;Corner L-Shaped Desk;12;33456;5;381398;3507;137008;PayPal;381398,4;;;
ORD-11937;13/07/2025;Carlos Tanaka;Corporate;France;Europe;Furniture;Corner L-Shaped Desk;5;43191;5;205157;975;74609;Bank Transfer;205157,25;;;
ORD-11665;18/06/2023;Priya Jackson;Consumer;Italy;Europe;Furniture;Corner L-Shaped Desk;10;39827;5;378356;2031;137363;Cash on Delivery;378356,5;;;
ORD-11806;14/07/2023;Ali Harris;Consumer;Australia;Asia Pacific;Furniture;Ergonomic Office Chair;5;39443;5;187354;121;67815;Bank Transfer;187354,25;;;
ORD-11486;03/06/2025;Sakura Davis;Corporate;United States;North America;Furniture;Ergonomic Office Chair;5;40813;15;173455;812;50204;Credit Card;173455,25;;;
ORD-11091;09/10/2023;Layla Oliveira;Home Office;Italy;Europe;Furniture;Standing Desk Converter;11;27286;10;270131;2606;87437;Credit Card;270131,4;;;
ORD-11052;05/10/2025;Lucas Hassan;Consumer;United Kingdom;Europe;Furniture;Ergonomic Office Chair;4;33364;5;126783;1024;45685;Bank Transfer;126783,2;;;
ORD-11287;26/05/2024;James White;Corporate;UAE;Middle East & Africa;Technology;Wireless Bluetooth Headphones;8;17131;10;123343;2294;45673;Cash on Delivery;123343,2;;;
ORD-11583;26/04/2024;Wei Li;Consumer;South Africa;Middle East & Africa;Furniture;Mesh Back Task Chair;15;10745;5;153116;234;54071;Credit Card;153116,25;;;
ORD-11541;23/09/2025;Sarah Weber;Home Office;United States;North America;Furniture;Mesh Back Task Chair;6;11821;15;60287;1116;16615;Credit Card;60287,1;;;
ORD-10058;14/08/2024;Raj Santos;Consumer;Canada;North America;Furniture;Corner L-Shaped Desk;4;34726;20;111123;110;26681;PayPal;111123,2;;;
ORD-10937;01/06/2023;Kenji Robinson;Consumer;Mexico;North America;Furniture;Mesh Back Task Chair;7;26311;10;165759;1654;53599;PayPal;165759,3;;;
ORD-11325;20/06/2024;Olga Suzuki;Consumer;Canada;North America;Technology;Portable External SSD 1TB;6;8833;5;50348;1332;19867;PayPal;50348,1;;;
ORD-11872;28/06/2025;Noah Tanaka;Consumer;China;Asia Pacific;Technology;Laptop Stand Adjustable;9;5882;5;50291;257;18605;PayPal;50291,1;;;
ORD-10851;20/05/2025;Emma Martin;Corporate;Italy;Europe;Furniture;Ergonomic Office Chair;5;24391;5;115857;1769;40915;Credit Card;115857,25;;;
ORD-11304;15/02/2023;Ayumi Martinez;Home Office;Canada;North America;Furniture;Folding Table Portable;8;12681;10;91303;2205;28229;Cash on Delivery;91303,2;;;
ORD-10214;10/10/2025;Felix Robinson;Corporate;China;Asia Pacific;Furniture;Filing Cabinet 3-Drawer;3;16493;10;44531;1637;13207;Cash on Delivery;44531,1;;;
ORD-10896;31/12/2025;Ayumi Dubois;Consumer;France;Europe;Clothing & Accessories;Cotton Formal Shirt;11;5927;5;61937;2094;27244;PayPal;61937,15;;;
ORD-11237;31/01/2023;Ahmed Garcia;Home Office;India;Asia Pacific;Furniture;Corner L-Shaped Desk;4;42923;5;163107;122;58872;Credit Card;163107,4;;;
ORD-10768;03/04/2024;Jessica Costa;Consumer;Japan;Asia Pacific;Technology;Wireless Bluetooth Headphones;13;7344;15;81151;3433;25208;Credit Card;81151,2;;;
ORD-11235;27/05/2025;Ayumi Zhang;Consumer;South Korea;Asia Pacific;Furniture;Standing Desk Converter;4;21339;5;81088;1851;28023;Credit Card;81088,2;;;
ORD-11300;01/11/2023;Zara Miller;Consumer;United Kingdom;Europe;Technology;Portable External SSD 1TB;3;14573;10;39347;999;14303;Bank Transfer;39347,1;;;
ORD-11531;30/10/2025;Wei White;Home Office;France;Europe;Furniture;Ergonomic Office Chair;3;41409;10;111804;1311;35957;PayPal;111804,3;;;
ORD-10751;16/03/2025;Pierre Leroy;Home Office;Mexico;North America;Clothing & Accessories;Travel Backpack 30L;9;6433;5;55002;2261;23792;PayPal;55002,15;;;
ORD-10095;11/07/2024;Karen Anderson;Corporate;United States;North America;Furniture;Mesh Back Task Chair;2;19199;5;36478;902;12537;Credit Card;36478,1;;;
ORD-11038;02/11/2023;Hanna Johnson;Home Office;Australia;Asia Pacific;Furniture;Ergonomic Office Chair;6;30203;20;144974;1381;34862;Cash on Delivery;144974,4;;;
ORD-10706;06/03/2024;Priya Rodriguez;Consumer;China;Asia Pacific;Technology;Webcam HD 1080p;11;6796;5;71018;3532;2637;Cash on Delivery;71018,2;;;
ORD-11502;31/10/2024;Fatima Singh;Corporate;UAE;Middle East & Africa;Clothing & Accessories;Cotton Formal Shirt;12;6178;5;70429;2035;31326;PayPal;70429,2;;;
ORD-10158;10/05/2025;David Fischer;Consumer;Germany;Europe;Furniture;Mesh Back Task Chair;8;18419;5;139984;1228;50345;Cash on Delivery;139984,4;;;
ORD-10712;24/06/2023;Mary Johansson;Consumer;India;Asia Pacific;Technology;Wireless Ergonomic Mouse;7;5798;15;34498;168;10496;PayPal;34498,1;;;
ORD-11228;05/10/2024;Sakura Thomas;Consumer;United States;North America;Furniture;Bookshelf 5-Tier;8;8837;5;67161;1648;23095;Cash on Delivery;67161,2;;;
ORD-10415;13/11/2024;Layla Williams;Corporate;Japan;Asia Pacific;Furniture;Ergonomic Office Chair;5;18609;15;79088;1172;22089;Bank Transfer;79088,25;;;
ORD-10300;06/04/2025;David Johansson;Corporate;Spain;Europe;Technology;Mechanical Gaming Keyboard;4;16484;5;62639;1135;25239;Cash on Delivery;62639,2;;;
ORD-10380;04/10/2023;William Yamamoto;Corporate;China;Asia Pacific;Furniture;Filing Cabinet 3-Drawer;4;16294;5;61917;1593;21218;Bank Transfer;61917,2;;;
ORD-10323;08/01/2024;Hans Costa;Consumer;Mexico;North America;Furniture;Bookshelf 5-Tier;2;16139;5;30664;836;10461;Credit Card;30664,1;;;
ORD-10729;21/10/2025;Layla Smith;Home Office;Australia;Asia Pacific;Technology;Smart LED Desk Lamp;11;6128;10;60667;1664;21929;PayPal;60667,2;;;
ORD-11795;14/09/2023;Ali Johnson;Corporate;Mexico;North America;Furniture;Monitor Riser Wood;14;6154;30;60309;3358;5257;Credit Card;60309,2;;;
ORD-11128;18/01/2023;Amir Oliveira;Consumer;Mexico;North America;Furniture;Standing Desk Converter;5;33359;10;150115;902;49136;Credit Card;150115,5;;;
ORD-10913;26/07/2025;Nadia Leroy;Corporate;United States;North America;Furniture;Filing Cabinet 3-Drawer;9;10979;25;74108;1531;1329;Credit Card;74108,25;;;
ORD-10602;30/11/2024;Sakura Thomas;Corporate;United States;North America;Technology;Wireless Ergonomic Mouse;12;5474;10;59119;1895;21096;PayPal;59119,2;;;
ORD-11717;02/09/2023;Michael Ali;Consumer;Germany;Europe;Technology;Smart LED Desk Lamp;13;2662;15;29415;3098;7284;Credit Card;29415,1;;;
ORD-10183;09/12/2023;Sarah Thompson;Consumer;United Kingdom;Europe;Furniture;Mesh Back Task Chair;5;15295;5;72651;1894;24872;Bank Transfer;72651,25;;;
ORD-11288;13/05/2023;Ayumi Ahmed;Consumer;South Korea;Asia Pacific;Furniture;Folding Table Portable;15;10094;5;143839;2926;50067;Credit Card;143839,5;;;
ORD-10719;05/10/2025;Sophie Tanaka;Consumer;Spain;Europe;Furniture;Filing Cabinet 3-Drawer;3;14539;5;41436;1197;14069;PayPal;41436,15;;;
ORD-10318;23/12/2023;Priya Costa;Corporate;South Korea;Asia Pacific;Furniture;Mesh Back Task Chair;4;16671;20;53347;1513;11824;Credit Card;53347,2;;;
ORD-11454;05/01/2023;Felix Thomas;Consumer;Italy;Europe;Furniture;Standing Desk Converter;4;33067;20;105814;1109;25344;Credit Card;105814,4;;;
ORD-10746;28/07/2025;Ivan Laurent;Home Office;Germany;Europe;Furniture;Bookshelf 5-Tier;1;13739;5;13052;807;4002;PayPal;13052,05;;;
ORD-11234;24/08/2023;Ivan Pereira;Home Office;Saudi Arabia;Middle East & Africa;Clothing & Accessories;Leather Belt Classic;14;3674;5;48864;2748;20398;PayPal;48864,2;;;
ORD-10975;04/01/2025;Oscar Nilsson;Consumer;France;Europe;Furniture;Filing Cabinet 3-Drawer;5;12703;5;60339;1649;20581;PayPal;60339,25;;;
ORD-10182;23/06/2023;Emma Pereira;Consumer;Canada;North America;Office Supplies;Tape Dispenser Heavy Duty;11;2339;10;23156;1423;10155;Credit Card;23156,1;;;
ORD-11097;14/06/2025;Ivan Patel;Home Office;Australia;Asia Pacific;Furniture;Standing Desk Converter;1;13493;15;11469;1149;2224;Credit Card;11469,05;;;
ORD-10080;16/04/2025;Hans Sharma;Consumer;South Africa;Middle East & Africa;Technology;Wireless Bluetooth Headphones;2;23898;5;45406;1239;17879;Cash on Delivery;45406,2;;;
ORD-11261;23/10/2023;Nadia Tanaka;Corporate;Argentina;South America;Furniture;Filing Cabinet 3-Drawer;7;15192;15;90392;2357;24229;Credit Card;90392,4;;;
ORD-11638;21/02/2024;Maria Ferrari;Corporate;United States;North America;Furniture;Standing Desk Converter;1;24649;10;22184;691;6704;Credit Card;22184,1;;;
ORD-11107;16/01/2024;Ayumi Martinez;Consumer;South Africa;Middle East & Africa;Furniture;Floating Wall Shelves Set;7;3467;10;21842;2252;5029;Bank Transfer;21842,1;;;
ORD-10979;05/06/2023;Zara Kim;Corporate;Mexico;North America;Technology;Laptop Stand Adjustable;8;6414;15;43615;2264;13129;Credit Card;43615,2;;;
ORD-11749;04/10/2024;Ivan Williams;Corporate;India;Asia Pacific;Technology;Portable External SSD 1TB;5;11375;5;54031;1974;20776;Bank Transfer;54031,25;;;
ORD-11211;02/12/2024;James Johansson;Corporate;Germany;Europe;Technology;Wireless Ergonomic Mouse;8;6314;15;42935;1946;13207;PayPal;42935,2;;;
ORD-10487;01/12/2023;Christopher Khan;Consumer;India;Asia Pacific;Technology;Webcam HD 1080p;8;5517;5;41929;1764;1589;PayPal;41929,2;;;
ORD-11719;15/08/2024;Sarah Patel;Home Office;United States;North America;Furniture;Standing Desk Converter;3;30572;10;82544;996;26518;PayPal;82544,4;;;
ORD-11374;07/12/2025;Robert Martinez;Consumer;Canada;North America;Technology;Wireless Bluetooth Headphones;4;12826;20;41043;952;11874;Cash on Delivery;41043,2;;;
ORD-10135;06/05/2025;Ayumi Harris;Consumer;Canada;North America;Technology;USB-C Hub Multiport Adapter;8;5661;10;40759;1204;14647;Credit Card;40759,2;;;
ORD-10661;29/06/2023;Olga Nilsson;Consumer;Canada;North America;Technology;Webcam HD 1080p;9;7443;10;60288;1159;22286;Credit Card;60288,3;;;
ORD-11177;22/11/2023;Omar Costa;Corporate;United States;North America;Furniture;Ergonomic Office Chair;1;20998;5;19948;719;663;PayPal;19948,1;;;
ORD-11074;03/06/2024;Wei Taylor;Home Office;Japan;Asia Pacific;Furniture;Standing Desk Converter;2;20548;5;39041;1279;13104;Credit Card;39041,2;;;
ORD-10203;05/10/2023;Raj Oliveira;Corporate;Brazil;South America;Clothing & Accessories;Polarized Sunglasses;13;7496;20;77958;198;27254;Cash on Delivery;77958,4;;;
ORD-11849;04/08/2024;Christopher Leroy;Consumer;United States;North America;Technology;Portable External SSD 1TB;7;10239;5;68089;1351;27318;PayPal;68089,35;;;
ORD-10664;14/07/2024;John Ferrari;Consumer;United Kingdom;Europe;Clothing & Accessories;Travel Backpack 30L;6;6826;5;38908;1845;16585;Credit Card;38908,2;;;
ORD-11857;23/07/2024;Mia Romano;Corporate;Japan;Asia Pacific;Technology;Wireless Bluetooth Headphones;3;21599;10;58317;1433;21246;PayPal;58317,3;;;
ORD-11835;05/03/2024;Noah Clark;Corporate;UAE;Middle East & Africa;Technology;Wireless Bluetooth Headphones;3;18755;15;47825;1541;15338;Cash on Delivery;47825,25;;;
ORD-10229;15/09/2024;Xiao Martin;Home Office;Mexico;North America;Clothing & Accessories;Travel Backpack 30L;6;3323;5;18941;909;8063;Credit Card;18941,1;;;
ORD-11788;16/05/2023;Ivan Li;Home Office;Brazil;South America;Furniture;Bookshelf 5-Tier;3;14584;15;37189;1454;9484;Credit Card;37189,2;;;
ORD-10230;23/12/2023;Ava Yamamoto;Corporate;India;Asia Pacific;Technology;Smart LED Desk Lamp;3;6773;10;18287;1107;6005;Credit Card;18287,1;;;
ORD-11217;04/03/2023;Jamal Martinez;Consumer;Canada;North America;Technology;Mechanical Gaming Keyboard;9;9024;10;73094;1886;26539;Credit Card;73094,4;;;
ORD-10830;17/11/2024;Ivan Robinson;Consumer;France;Europe;Clothing & Accessories;Wool Blend Scarf;11;3618;10;35818;1603;14316;Credit Card;35818,2;;;
ORD-11794;09/09/2025;Ali Miller;Consumer;India;Asia Pacific;Furniture;Ergonomic Office Chair;2;39683;10;71429;1278;22531;Bank Transfer;71429,4;;;
ORD-11351;29/01/2025;Raj Garcia;Consumer;Argentina;South America;Technology;Laptop Stand Adjustable;7;6372;20;35683;2731;842;Credit Card;35683,2;;;
ORD-10123;11/04/2025;Priya Patel;Home Office;Brazil;South America;Furniture;Bookshelf 5-Tier;1;19339;10;17405;1206;4596;Credit Card;17405,1;;;
ORD-10601;25/01/2025;Christopher Martinez;Consumer;India;Asia Pacific;Furniture;Bookshelf 5-Tier;3;6802;15;17345;1565;3536;PayPal;17345,1;;;
ORD-11144;17/05/2024;Sakura Smith;Corporate;Mexico;North America;Clothing & Accessories;Business Casual Blazer;8;5094;15;34639;117;13093;Credit Card;34639,2;;;
ORD-10093;26/11/2024;Raj Johnson;Consumer;India;Asia Pacific;Furniture;Bookshelf 5-Tier;3;18178;5;51807;1135;17952;PayPal;51807,3;;;
ORD-11047;04/02/2024;Yuki Ferrari;Corporate;United States;North America;Furniture;Filing Cabinet 3-Drawer;2;21442;20;34307;604;7973;Credit Card;34307,2;;;
ORD-11139;07/02/2024;Priya Laurent;Consumer;Spain;Europe;Clothing & Accessories;Business Casual Blazer;4;9004;5;34215;1331;14876;Bank Transfer;34215,2;;;
ORD-10366;04/05/2024;Amir Li;Consumer;Canada;North America;Furniture;Standing Desk Converter;3;26457;5;75402;964;26815;PayPal;75402,45;;;
ORD-11556;09/11/2025;Susan Jackson;Corporate;United Kingdom;Europe;Furniture;Standing Desk Converter;3;26377;5;75174;865;2683;Bank Transfer;75174,45;;;
ORD-11226;08/10/2023;Sarah Li;Consumer;Saudi Arabia;Middle East & Africa;Furniture;Floating Wall Shelves Set;5;8591;5;40807;1975;13059;PayPal;40807,25;;;
ORD-10206;29/05/2025;Ava Oliveira;Consumer;Germany;Europe;Clothing & Accessories;Leather Wallet Minimalist;6;2843;5;16205;1694;5982;PayPal;16205,1;;;
ORD-11105;14/06/2025;Diego Suzuki;Corporate;Brazil;South America;Technology;Mechanical Gaming Keyboard;8;8499;5;64592;1653;25543;Credit Card;64592,4;;;
ORD-11243;12/06/2025;Isabella Russo;Corporate;Germany;Europe;Furniture;Bookshelf 5-Tier;1;17719;10;15947;789;4527;Cash on Delivery;15947,1;;;
ORD-11275;05/03/2025;Jennifer Thomas;Consumer;Brazil;South America;Clothing & Accessories;Travel Backpack 30L;3;5566;5;15863;1673;5841;Cash on Delivery;15863,1;;;
ORD-10057;23/04/2024;Ali Wang;Consumer;UAE;Middle East & Africa;Clothing & Accessories;Travel Backpack 30L;8;8289;5;62996;2371;27469;PayPal;62996,4;;;
ORD-11281;19/03/2025;Ali Taylor;Consumer;Mexico;North America;Technology;Webcam HD 1080p;3;8159;5;23253;731;906;PayPal;23253,15;;;
ORD-10530;26/10/2023;Ali Li;Corporate;Italy;Europe;Technology;Portable External SSD 1TB;2;8119;5;15426;1033;5462;PayPal;15426,1;;;
ORD-11972;30/10/2025;Emma Miller;Consumer;Spain;Europe;Clothing & Accessories;Travel Backpack 30L;4;9028;15;30695;1143;11496;Credit Card;30695,2;;;
ORD-11058;13/09/2024;Omar Costa;Corporate;Mexico;North America;Furniture;Ergonomic Office Chair;1;37674;20;30139;719;6816;Credit Card;30139,2;;;
ORD-10074;05/01/2025;Nadia Oliveira;Consumer;Mexico;North America;Clothing & Accessories;Canvas Messenger Bag;6;2643;5;15065;81;6326;Cash on Delivery;15065,1;;;
ORD-11339;01/08/2023;Noah Oliveira;Consumer;United Kingdom;Europe;Furniture;Mesh Back Task Chair;3;18251;5;52015;89;18273;PayPal;52015,35;;;
ORD-11037;26/10/2024;Fatima Williams;Corporate;Italy;Europe;Clothing & Accessories;Polarized Sunglasses;7;4674;10;29446;1249;11838;Bank Transfer;29446,2;;;
ORD-11550;23/10/2023;Linda Russo;Consumer;Japan;Asia Pacific;Technology;Portable External SSD 1TB;3;10896;10;29419;1491;995;PayPal;29419,2;;;
ORD-11418;27/12/2023;Ahmed Jackson;Consumer;Argentina;South America;Furniture;Floating Wall Shelves Set;2;8583;15;14591;136;2931;PayPal;14591,1;;;
ORD-10456;04/05/2024;Wei Martinez;Corporate;Italy;Europe;Clothing & Accessories;Travel Backpack 30L;3;8533;15;21759;1217;7742;Credit Card;21759,15;;;
ORD-11150;16/07/2025;Emma Sharma;Consumer;UAE;Middle East & Africa;Technology;Tablet Stand Holder;12;2922;20;28051;3257;5509;PayPal;28051,2;;;
ORD-10244;27/04/2025;Michael Tanaka;Consumer;Germany;Europe;Furniture;Mesh Back Task Chair;2;16376;15;27839;1115;7073;PayPal;27839,2;;;
ORD-10348;20/03/2025;Olivia White;Consumer;India;Asia Pacific;Furniture;Desk Organizer Set;3;4866;5;13868;115;3959;Cash on Delivery;13868,1;;;
ORD-11543;08/11/2025;James Rossi;Consumer;France;Europe;Furniture;Monitor Riser Wood;5;7291;5;34632;1806;10953;Credit Card;34632,25;;;
ORD-11639;15/07/2024;Mia White;Corporate;Canada;North America;Furniture;Bookshelf 5-Tier;3;15349;25;34535;801;6106;Credit Card;34535,25;;;
ORD-10509;12/02/2025;Robert Chen;Consumer;Canada;North America;Furniture;Standing Desk Converter;1;30208;10;27187;617;8445;PayPal;27187,2;;;
ORD-10364;28/05/2024;Yuki Johnson;Corporate;Germany;Europe;Clothing & Accessories;Leather Wallet Minimalist;3;5033;10;13589;1144;4895;PayPal;13589,1;;;
ORD-11475;10/10/2024;Maria Yamamoto;Consumer;China;Asia Pacific;Furniture;Monitor Riser Wood;8;3517;5;26729;2572;7275;Credit Card;26729,2;;;
ORD-10185;08/09/2025;Sarah Clark;Consumer;Brazil;South America;Furniture;Mesh Back Task Chair;2;29343;10;52817;1296;16309;PayPal;52817,4;;;
ORD-10452;11/05/2023;Layla Santos;Corporate;Germany;Europe;Clothing & Accessories;Cotton Formal Shirt;3;2571;15;6556;888;1812;Credit Card;6556,05;;;
ORD-10548;23/09/2025;Chen Chen;Consumer;South Korea;Asia Pacific;Furniture;Folding Table Portable;4;7247;10;26089;1416;728;Credit Card;26089,2;;;
ORD-11384;13/12/2024;Ahmed Ali;Consumer;Mexico;North America;Clothing & Accessories;Cotton Formal Shirt;12;4466;5;50912;1412;22704;Credit Card;50912,4;;;
ORD-10701;03/12/2024;Yuki Thomas;Corporate;Brazil;South America;Furniture;Corner L-Shaped Desk;1;44658;15;37959;1059;10105;Credit Card;37959,3;;;
ORD-11826;01/10/2024;Robert Leroy;Home Office;France;Europe;Clothing & Accessories;Polarized Sunglasses;3;6659;5;18978;1314;7675;Credit Card;18978,15;;;
ORD-10260;17/12/2024;Ayumi Taylor;Home Office;Spain;Europe;Furniture;Monitor Riser Wood;4;6619;5;25152;1209;8057;Credit Card;25152,2;;;
ORD-10980;01/08/2023;Olivia Moreau;Consumer;Canada;North America;Clothing & Accessories;Canvas Messenger Bag;10;6487;5;61626;145;27741;Bank Transfer;61626,5;;;
ORD-11252;02/11/2024;Layla Garcia;Consumer;France;Europe;Technology;Mechanical Gaming Keyboard;2;14476;15;24609;1127;7558;PayPal;24609,2;;;
ORD-10444;15/03/2025;Giulia Taylor;Consumer;Germany;Europe;Furniture;Bookshelf 5-Tier;2;13569;10;24424;842;7299;PayPal;24424,2;;;
ORD-11318;27/03/2023;Thomas Chen;Consumer;Spain;Europe;Clothing & Accessories;Business Casual Blazer;3;13529;10;36528;908;15326;Credit Card;36528,3;;;
ORD-11584;18/03/2025;Richard Zhang;Corporate;Saudi Arabia;Middle East & Africa;Technology;Smart LED Desk Lamp;4;6737;10;24253;1581;7851;PayPal;24253,2;;;
ORD-10800;16/08/2025;Kenji Williams;Home Office;Germany;Europe;Clothing & Accessories;Leather Wallet Minimalist;11;2885;5;30148;3133;11148;PayPal;30148,25;;;
ORD-11868;10/04/2023;Maria Martinez;Consumer;Mexico;North America;Technology;Mechanical Gaming Keyboard;1;13359;10;12023;648;4028;PayPal;12023,1;;;
ORD-11020;25/12/2023;Liam Romano;Home Office;France;Europe;Technology;Laptop Stand Adjustable;1;6913;15;5876;783;1291;Credit Card;5876,05;;;
ORD-10657;27/02/2025;Jamal Singh;Home Office;Colombia;South America;Technology;USB-C Hub Multiport Adapter;7;5914;15;35188;2353;10066;Credit Card;35188,3;;;
ORD-10425;21/03/2024;Amir Khan;Consumer;Japan;Asia Pacific;Clothing & Accessories;Business Casual Blazer;4;12328;5;46846;1333;20857;PayPal;46846,4;;;
ORD-10724;22/12/2023;Joseph Martinez;Consumer;South Korea;Asia Pacific;Furniture;Ergonomic Office Chair;2;28874;20;46198;1182;10367;Bank Transfer;46198,4;;;
ORD-10307;28/08/2025;Ali Kim;Home Office;United Kingdom;Europe;Technology;Mechanical Gaming Keyboard;2;6773;15;11514;1018;3046;Cash on Delivery;11514,1;;;
ORD-10556;18/06/2024;Pierre Jackson;Corporate;Argentina;South America;Furniture;Bookshelf 5-Tier;6;8446;10;45608;2268;12934;Credit Card;45608,4;;;
ORD-11225;07/07/2024;Christopher Brown;Corporate;Canada;North America;Technology;Wireless Ergonomic Mouse;3;4203;10;11348;685;3728;Cash on Delivery;11348,1;;;
ORD-10609;13/05/2023;Diego Jackson;Corporate;South Korea;Asia Pacific;Technology;Smart LED Desk Lamp;4;6257;10;22525;1499;7261;PayPal;22525,2;;;
ORD-11462;25/05/2024;Amina Russo;Corporate;India;Asia Pacific;Clothing & Accessories;Business Casual Blazer;4;5909;5;22454;1163;9473;Cash on Delivery;22454,2;;;
ORD-11241;26/07/2025;William Robinson;Consumer;South Korea;Asia Pacific;Clothing & Accessories;Business Casual Blazer;2;11648;5;22131;1072;9411;Cash on Delivery;22131,2;;;
ORD-11187;26/12/2023;Ali Weber;Corporate;China;Asia Pacific;Clothing & Accessories;Canvas Messenger Bag;5;5759;5;27355;1619;11338;PayPal;27355,25;;;
ORD-10397;02/08/2025;Yuki Robinson;Consumer;South Africa;Middle East & Africa;Technology;Portable External SSD 1TB;1;11518;5;10942;1178;3429;Bank Transfer;10942,1;;;
ORD-11401;01/06/2023;Robert Sharma;Consumer;Australia;Asia Pacific;Furniture;Mesh Back Task Chair;1;27169;20;21735;1066;4368;Cash on Delivery;21735,2;;;
ORD-10248;20/08/2024;Amina Thomas;Consumer;Mexico;North America;Clothing & Accessories;Leather Wallet Minimalist;2;5719;5;10866;796;4351;PayPal;10866,1;;;
ORD-11224;22/04/2023;Zara Patel;Corporate;South Africa;Middle East & Africa;Furniture;Bookshelf 5-Tier;3;18081;20;43394;182;9028;PayPal;43394,4;;;
ORD-10716;10/08/2024;Ivan Martinez;Home Office;South Korea;Asia Pacific;Furniture;Standing Desk Converter;3;16777;5;47814;1209;16406;Cash on Delivery;47814,45;;;
ORD-10599;26/01/2023;Chen Laurent;Consumer;United States;North America;Technology;Mechanical Gaming Keyboard;1;16757;5;15919;621;6082;PayPal;15919,15;;;
ORD-11333;09/04/2023;Olga Hassan;Corporate;South Korea;Asia Pacific;Furniture;Desk Organizer Set;4;5882;10;21175;1312;5746;PayPal;21175,2;;;
ORD-11481;13/08/2023;Clara Clark;Home Office;Mexico;North America;Furniture;Monitor Riser Wood;1;5559;5;5281;611;1335;Credit Card;5281,05;;;
ORD-11406;28/10/2023;Sarah Suzuki;Home Office;Canada;North America;Technology;Smart LED Desk Lamp;8;5827;10;41954;2405;1391;PayPal;41954,4;;;
ORD-10554;26/09/2023;Olivia Ferrari;Home Office;Australia;Asia Pacific;Clothing & Accessories;Polarized Sunglasses;6;7751;10;41855;2082;1652;Bank Transfer;41855,4;;;
ORD-10794;09/11/2024;Noah Ferrari;Consumer;Canada;North America;Clothing & Accessories;Cotton Formal Shirt;4;5702;10;20527;742;8381;Credit Card;20527,2;;;
ORD-11883;06/10/2024;Mia Costa;Consumer;Germany;Europe;Technology;Smart LED Desk Lamp;10;5393;5;51233;1966;19606;Cash on Delivery;51233,5;;;
ORD-11975;09/10/2025;Kenji Moreau;Consumer;Canada;North America;Technology;Laptop Stand Adjustable;6;3576;5;20383;1697;6885;Bank Transfer;20383,2;;;
ORD-10976;01/04/2025;Ahmed Jackson;Corporate;South Africa;Middle East & Africa;Office Supplies;Desk Calendar 2025;6;1783;5;10163;214;3209;Bank Transfer;10163,1;;;
ORD-10345;04/06/2024;Michael Yamamoto;Consumer;United States;North America;Furniture;Standing Desk Converter;2;21246;5;40367;824;14048;Cash on Delivery;40367,4;;;
ORD-11890;17/09/2023;Michael Li;Corporate;Canada;North America;Furniture;Monitor Riser Wood;7;6753;5;44907;224;14304;Credit Card;44907,45;;;
ORD-11810;19/04/2023;Carlos Wang;Corporate;United States;North America;Technology;Wireless Bluetooth Headphones;3;8293;20;19903;1236;4984;PayPal;19903,2;;;
ORD-10436;03/12/2024;Pierre Weber;Consumer;United Kingdom;Europe;Clothing & Accessories;Leather Belt Classic;6;3882;15;19798;1903;6249;PayPal;19798,2;;;
ORD-11607;21/04/2024;Sophie White;Corporate;Argentina;South America;Furniture;Standing Desk Converter;2;12337;20;19739;1452;3483;Credit Card;19739,2;;;
ORD-10644;03/02/2025;Mia Weber;Consumer;Italy;Europe;Furniture;Folding Table Portable;7;4641;25;24365;1224;3649;Cash on Delivery;24365,25;;;
ORD-10372;29/12/2025;Maria Leroy;Consumer;Germany;Europe;Clothing & Accessories;Leather Wallet Minimalist;7;6168;10;38858;2446;14824;Bank Transfer;38858,4;;;
ORD-11752;16/10/2025;Ahmed Rodriguez;Home Office;South Africa;Middle East & Africa;Furniture;Bookshelf 5-Tier;4;10774;10;38786;1857;11071;Credit Card;38786,4;;;
ORD-10567;25/11/2024;Jessica Müller;Consumer;Australia;Asia Pacific;Clothing & Accessories;Travel Backpack 30L;7;7525;10;47407;1997;19072;PayPal;47407,5;;;
ORD-10938;23/12/2025;Kenji Harris;Consumer;France;Europe;Clothing & Accessories;Business Casual Blazer;5;5545;15;23566;1649;8055;Bank Transfer;23566,25;;;
ORD-10994;15/12/2024;Jessica Nilsson;Home Office;Brazil;South America;Office Supplies;Stapler Full-Size;7;1374;5;9137;2195;2614;Cash on Delivery;9137,1;;;
ORD-11696;20/05/2024;Sophie Martin;Corporate;Canada;North America;Technology;Mechanical Gaming Keyboard;5;12841;30;44943;1349;8281;Credit Card;44943,5;;;
ORD-11691;17/10/2025;Christopher Davis;Consumer;Australia;Asia Pacific;Technology;Webcam HD 1080p;4;4659;5;17704;1899;5555;Cash on Delivery;17704,2;;;
ORD-11439;31/07/2025;Maria Rodriguez;Consumer;United Kingdom;Europe;Clothing & Accessories;Travel Backpack 30L;3;10711;5;30526;1177;13282;Credit Card;30526,35;;;
ORD-11345;20/12/2023;Isabella Johnson;Consumer;Saudi Arabia;Middle East & Africa;Furniture;Floating Wall Shelves Set;4;9469;10;34088;147;9892;Credit Card;34088,4;;;
ORD-11213;16/07/2025;David Nilsson;Consumer;Japan;Asia Pacific;Clothing & Accessories;Travel Backpack 30L;2;9459;10;17026;1229;6338;Cash on Delivery;17026,2;;;
ORD-10173;09/12/2025;Olga Nilsson;Home Office;United States;North America;Technology;Mechanical Gaming Keyboard;2;13057;5;24808;918;9527;Credit Card;24808,3;;;
ORD-11017;01/03/2025;Olga Taylor;Home Office;United States;North America;Technology;Tablet Stand Holder;4;4577;10;16477;1341;5067;Credit Card;16477,2;;;
ORD-11677;07/05/2025;Robert Davis;Consumer;South Korea;Asia Pacific;Furniture;Mesh Back Task Chair;1;21575;5;20496;1058;6493;Credit Card;20496,25;;;
ORD-10129;01/06/2023;Oscar Santos;Corporate;Canada;North America;Furniture;Floating Wall Shelves Set;7;5412;15;32201;1746;7725;Credit Card;32201,4;;;
ORD-11479;31/03/2023;Susan White;Corporate;Japan;Asia Pacific;Furniture;Filing Cabinet 3-Drawer;1;19974;20;15979;967;3028;Cash on Delivery;15979,2;;;
ORD-11146;02/11/2024;James Harris;Consumer;India;Asia Pacific;Furniture;Floating Wall Shelves Set;5;8362;5;39719;1272;13361;PayPal;39719,5;;;
ORD-10007;20/10/2023;Li Sharma;Consumer;Nigeria;Middle East & Africa;Technology;Mechanical Gaming Keyboard;3;14685;10;39649;1507;13912;PayPal;39649,5;;;
ORD-11606;24/01/2025;Mary Khan;Home Office;United States;North America;Furniture;Desk Organizer Set;4;4936;20;15795;1259;269;PayPal;15795,2;;;
ORD-10616;23/04/2024;Felix White;Consumer;Australia;Asia Pacific;Furniture;Floating Wall Shelves Set;4;8303;5;31551;1734;989;Credit Card;31551,4;;;
ORD-11358;10/10/2023;Christopher Thompson;Consumer;Australia;Asia Pacific;Furniture;Bookshelf 5-Tier;3;8278;5;23592;1357;7335;Credit Card;23592,3;;;
ORD-11214;23/07/2025;Hanna Park;Corporate;South Africa;Middle East & Africa;Technology;Noise Cancelling Earbuds;3;8729;10;23568;148;7685;Cash on Delivery;23568,3;;;
ORD-10441;30/05/2024;Susan Kumar;Consumer;Canada;North America;Technology;Wireless Bluetooth Headphones;1;17198;10;15478;729;529;Credit Card;15478,2;;;
ORD-10333;26/11/2025;Clara Hassan;Corporate;Germany;Europe;Technology;Laptop Stand Adjustable;3;7555;15;19265;1185;5614;PayPal;19265,25;;;
ORD-10689;26/09/2025;Layla Sharma;Corporate;Nigeria;Middle East & Africa;Technology;Wireless Bluetooth Headphones;2;17118;10;30812;1202;1078;Cash on Delivery;30812,4;;;
ORD-10662;24/01/2024;Liam Tanaka;Corporate;United States;North America;Clothing & Accessories;Wool Blend Scarf;5;4971;25;18641;876;5337;PayPal;18641,25;;;
ORD-10232;27/06/2025;Elizabeth Johnson;Home Office;Mexico;North America;Clothing & Accessories;Cotton Formal Shirt;6;6525;5;37192;851;16766;PayPal;37192,5;;;
ORD-10378;22/12/2025;Ingrid Zhang;Corporate;Japan;Asia Pacific;Technology;Noise Cancelling Earbuds;2;13039;15;22166;1061;6762;PayPal;22166,3;;;
ORD-10427;19/04/2023;Clara Oliveira;Consumer;Canada;North America;Technology;Noise Cancelling Earbuds;2;17132;15;29124;946;9333;Credit Card;29124,4;;;
ORD-10929;05/09/2024;Noah Dubois;Consumer;Mexico;North America;Technology;Noise Cancelling Earbuds;2;7984;10;14371;724;4865;PayPal;14371,2;;;
ORD-10242;08/03/2023;James Chen;Home Office;Spain;Europe;Furniture;Folding Table Portable;3;5988;20;14371;934;2659;Bank Transfer;14371,2;;;
ORD-10153;31/08/2023;Mary Martin;Corporate;Japan;Asia Pacific;Furniture;Bookshelf 5-Tier;3;11676;20;28022;1472;5533;Credit Card;28022,4;;;
ORD-10391;14/10/2024;Jessica Taylor;Consumer;UAE;Middle East & Africa;Clothing & Accessories;Polarized Sunglasses;2;7759;10;13966;1529;4678;PayPal;13966,2;;;
ORD-11559;06/07/2024;Felix Smith;Consumer;Mexico;North America;Office Supplies;Desk Calendar 2025;8;1936;10;13939;927;6042;Credit Card;13939,2;;;
ORD-10027;24/04/2025;Pierre Pereira;Consumer;China;Asia Pacific;Technology;Webcam HD 1080p;2;7694;10;13849;1294;4092;Credit Card;13849,2;;;
ORD-11984;01/10/2025;Linda Khan;Consumer;UAE;Middle East & Africa;Technology;Portable External SSD 1TB;2;10917;5;20742;1367;7366;PayPal;20742,3;;;
ORD-10791;11/10/2023;Maria Tanaka;Corporate;UAE;Middle East & Africa;Furniture;Desk Organizer Set;4;3767;10;13561;1583;2937;PayPal;13561,2;;;
ORD-10993;05/02/2025;Maria Moreau;Consumer;Germany;Europe;Clothing & Accessories;Leather Belt Classic;6;3529;5;20115;1746;7782;Cash on Delivery;20115,3;;;
ORD-11515;25/08/2023;Ethan Rodriguez;Corporate;Italy;Europe;Clothing & Accessories;Wool Blend Scarf;4;3702;10;13327;944;4979;Cash on Delivery;13327,2;;;
ORD-10184;15/09/2024;Isabella Ferrari;Corporate;Germany;Europe;Technology;Smart LED Desk Lamp;4;4161;20;13315;1164;2997;Credit Card;13315,2;;;
ORD-10395;27/03/2023;Emma Pereira;Consumer;Canada;North America;Clothing & Accessories;Wool Blend Scarf;9;3274;10;26519;1915;9871;PayPal;26519,4;;;
ORD-11381;10/01/2025;Sophie Ahmed;Corporate;United Kingdom;Europe;Technology;Smart LED Desk Lamp;3;7319;10;19761;1236;6449;Credit Card;19761,3;;;
ORD-10967;18/12/2024;Ahmed Sharma;Consumer;China;Asia Pacific;Technology;Portable External SSD 1TB;2;7264;10;13075;1234;3851;PayPal;13075,2;;;
ORD-10344;20/01/2023;Sakura Martinez;Home Office;Australia;Asia Pacific;Furniture;Floating Wall Shelves Set;2;6738;5;12802;110;3616;Cash on Delivery;12802,2;;;
ORD-11737;14/06/2024;Sarah Jackson;Corporate;South Africa;Middle East & Africa;Technology;Noise Cancelling Earbuds;2;18745;15;31866;1526;9721;Cash on Delivery;31866,5;;;
ORD-10683;26/07/2025;Mia Wang;Corporate;Australia;Asia Pacific;Technology;Webcam HD 1080p;3;7791;5;22204;1307;8042;Cash on Delivery;22204,35;;;
ORD-10055;31/08/2024;Hans Park;Corporate;Italy;Europe;Clothing & Accessories;Polarized Sunglasses;4;3693;15;12556;1492;3678;Cash on Delivery;12556,2;;;
ORD-10671;09/09/2025;Diego Sharma;Corporate;United Kingdom;Europe;Technology;Laptop Stand Adjustable;1;6869;10;6182;879;1525;PayPal;6182,1;;;
ORD-11554;18/04/2025;Hanna Li;Consumer;China;Asia Pacific;Clothing & Accessories;Travel Backpack 30L;2;3249;5;6173;1125;1799;Credit Card;6173,1;;;
ORD-11843;02/12/2025;Xiao Romano;Corporate;India;Asia Pacific;Furniture;Desk Organizer Set;4;3417;10;12301;1886;2214;PayPal;12301,2;;;
ORD-10508;14/12/2023;William Chen;Consumer;France;Europe;Technology;Webcam HD 1080p;4;3224;5;12251;1312;3846;PayPal;12251,2;;;
ORD-10910;09/08/2024;Felix White;Home Office;Italy;Europe;Clothing & Accessories;Leather Wallet Minimalist;7;2285;5;15195;1055;6142;Bank Transfer;15195,25;;;
ORD-11278;19/04/2025;Wei Anderson;Consumer;Australia;Asia Pacific;Furniture;Bookshelf 5-Tier;4;6749;10;24296;1171;6927;Credit Card;24296,4;;;
ORD-11767;10/04/2024;Robert Schmidt;Consumer;United Kingdom;Europe;Technology;Wireless Ergonomic Mouse;3;5325;5;15176;1126;5264;PayPal;15176,25;;;
ORD-10597;03/06/2025;Thomas Brown;Home Office;France;Europe;Technology;Wireless Bluetooth Headphones;2;15965;5;30333;838;11933;Bank Transfer;30333,5;;;
ORD-11154;10/07/2023;Oscar Johnson;Consumer;United States;North America;Clothing & Accessories;Sports Water Bottle 750ml;6;2126;5;12118;914;4826;Credit Card;12118,2;;;
ORD-10127;23/12/2023;David Leroy;Corporate;Saudi Arabia;Middle East & Africa;Office Supplies;Tape Dispenser Heavy Duty;12;1181;15;12046;2268;3401;PayPal;12046,2;;;
ORD-10957;30/11/2025;Omar Ali;Corporate;Spain;Europe;Furniture;Monitor Riser Wood;1;6679;10;6011;882;1122;PayPal;6011,1;;;
ORD-10710;23/05/2023;Ahmed Taylor;Home Office;China;Asia Pacific;Technology;Smart LED Desk Lamp;8;3726;20;23846;146;5992;PayPal;23846,4;;;
ORD-10471;21/01/2024;Zara Müller;Corporate;Japan;Asia Pacific;Furniture;Standing Desk Converter;1;19767;25;14825;965;200;Credit Card;14825,25;;;
ORD-10205;20/07/2025;Clara Dubois;Corporate;India;Asia Pacific;Clothing & Accessories;Wool Blend Scarf;7;4119;20;23066;138;727;Cash on Delivery;23066,4;;;
ORD-11704;07/02/2024;Clara Miller;Consumer;Italy;Europe;Technology;Webcam HD 1080p;2;3373;15;5734;1105;919;Credit Card;5734,1;;;
ORD-11157;11/04/2025;James Miller;Home Office;Canada;North America;Furniture;Monitor Riser Wood;9;3373;15;25803;1396;6193;Credit Card;25803,45;;;
ORD-10623;12/05/2023;Chen Thompson;Consumer;Argentina;South America;Clothing & Accessories;Travel Backpack 30L;3;9461;20;22706;1678;6837;PayPal;22706,4;;;
ORD-10735;21/06/2025;Ali Yamamoto;Consumer;China;Asia Pacific;Furniture;Folding Table Portable;2;12568;10;22622;1202;6338;Credit Card;22622,4;;;
ORD-11076;15/05/2025;Jamal Pereira;Corporate;Japan;Asia Pacific;Office Supplies;Stapler Full-Size;9;1845;15;14114;314;3502;Credit Card;14114,25;;;
ORD-11315;21/04/2024;Ahmed Santos;Home Office;Japan;Asia Pacific;Technology;Smart LED Desk Lamp;2;6972;20;11155;1018;2468;Credit Card;11155,2;;;
ORD-10430;04/01/2024;Chen Johansson;Corporate;Colombia;South America;Furniture;Corner L-Shaped Desk;1;24696;10;22226;1051;6357;PayPal;22226,4;;;
ORD-11035;25/01/2023;Linda Russo;Corporate;Italy;Europe;Office Supplies;Whiteboard Markers Set 8;8;1541;10;11095;219;3357;PayPal;11095,2;;;
ORD-10041;25/11/2023;Xiao Rodriguez;Home Office;Italy;Europe;Technology;Wireless Ergonomic Mouse;2;2909;5;5527;982;1345;Credit Card;5527,1;;;
ORD-11874;19/10/2024;Thomas Johnson;Corporate;United States;North America;Furniture;Ergonomic Office Chair;1;29237;15;24851;562;6747;Credit Card;24851,45;;;
ORD-11529;22/08/2023;Patricia Jackson;Corporate;Italy;Europe;Office Supplies;Stapler Full-Size;12;1019;10;11005;2593;2909;Credit Card;11005,2;;;
ORD-11330;13/01/2023;Marco Moreau;Corporate;Japan;Asia Pacific;Clothing & Accessories;Business Casual Blazer;3;5192;30;10903;1339;1776;PayPal;10903,2;;;
ORD-11142;14/07/2024;Ayumi Harris;Consumer;United Kingdom;Europe;Furniture;Floating Wall Shelves Set;1;9579;15;8142;897;1498;Bank Transfer;8142,15;;;
ORD-10619;11/03/2025;John Rodriguez;Consumer;Argentina;South America;Technology;Smart LED Desk Lamp;2;2819;5;5356;1232;1023;Cash on Delivery;5356,1;;;
ORD-11109;09/11/2023;Jessica Park;Consumer;China;Asia Pacific;Furniture;Bookshelf 5-Tier;1;9439;15;8023;1103;1257;PayPal;8023,15;;;
ORD-10532;04/04/2023;Ava Ferrari;Home Office;Colombia;South America;Technology;Noise Cancelling Earbuds;2;13915;5;26438;1248;9883;Cash on Delivery;26438,5;;;
ORD-10467;03/01/2023;Clara Taylor;Corporate;Italy;Europe;Technology;Webcam HD 1080p;2;6186;15;10516;1079;2632;PayPal;10516,2;;;
ORD-11951;15/09/2024;William Romano;Consumer;Canada;North America;Furniture;Desk Organizer Set;4;2907;10;10465;1259;2229;Cash on Delivery;10465,2;;;
ORD-11460;20/10/2023;Sakura Rodriguez;Corporate;United States;North America;Furniture;Folding Table Portable;1;12924;20;10339;596;1989;Credit Card;10339,2;;;
ORD-11546;24/04/2024;Kenji Sharma;Corporate;Brazil;South America;Technology;Portable External SSD 1TB;2;12849;20;20558;1138;5286;Bank Transfer;20558,4;;;
ORD-10720;05/02/2023;Hans Chen;Consumer;Germany;Europe;Furniture;Bookshelf 5-Tier;1;18893;5;17948;92;5692;Cash on Delivery;17948,35;;;
ORD-10610;28/08/2025;Emma Wang;Consumer;Australia;Asia Pacific;Technology;Smart LED Desk Lamp;5;5691;10;25609;1357;8602;Cash on Delivery;25609,5;;;
ORD-11383;14/08/2024;Thomas Wang;Home Office;United States;North America;Furniture;Desk Organizer Set;1;5378;5;5109;642;124;Bank Transfer;5109,1;;;
ORD-11733;13/06/2023;Michael Khan;Corporate;Mexico;North America;Office Supplies;Tape Dispenser Heavy Duty;3;1883;10;5084;1096;1446;Credit Card;5084,1;;;
ORD-10512;03/10/2024;Omar Dubois;Home Office;Spain;Europe;Technology;Smart LED Desk Lamp;3;3756;10;10141;1179;2765;Cash on Delivery;10141,2;;;
ORD-10996;22/07/2023;Clara Williams;Consumer;Argentina;South America;Clothing & Accessories;Cotton Formal Shirt;2;5318;5;10104;133;3456;PayPal;10104,2;;;
ORD-11400;24/07/2025;Linda Hassan;Corporate;Australia;Asia Pacific;Furniture;Mesh Back Task Chair;1;27965;10;25168;976;7413;Credit Card;25168,5;;;
ORD-10828;05/05/2023;Kenji Romano;Consumer;China;Asia Pacific;Clothing & Accessories;Canvas Messenger Bag;1;8839;15;7513;112;1973;PayPal;7513,15;;;
ORD-10955;20/09/2023;James Clark;Consumer;South Africa;Middle East & Africa;Furniture;Floating Wall Shelves Set;4;5559;10;20012;1682;4988;Bank Transfer;20012,4;;;
ORD-11451;31/10/2024;Carlos Davis;Home Office;Australia;Asia Pacific;Furniture;Floating Wall Shelves Set;2;5434;10;9781;1165;2095;Credit Card;9781,2;;;
ORD-11432;16/05/2024;Mia Sharma;Consumer;Italy;Europe;Technology;Laptop Stand Adjustable;2;5424;10;9763;997;280;Credit Card;9763,2;;;
ORD-11587;10/07/2024;Amina Clark;Home Office;Canada;North America;Clothing & Accessories;Canvas Messenger Bag;5;2849;15;12108;1504;3482;PayPal;12108,25;;;
ORD-11907;25/06/2025;Nadia Thomas;Consumer;Japan;Asia Pacific;Clothing & Accessories;Leather Belt Classic;6;1793;10;9682;1534;2769;Credit Card;9682,2;;;
ORD-11532;06/09/2023;Yuki Rodriguez;Corporate;Mexico;North America;Technology;Mechanical Gaming Keyboard;1;15234;5;14472;722;5371;Credit Card;14472,3;;;
ORD-10687;05/04/2024;Jennifer Ferrari;Consumer;Mexico;North America;Technology;Webcam HD 1080p;3;8036;20;19286;904;5123;Credit Card;19286,4;;;
ORD-10884;18/06/2024;Barbara Dubois;Corporate;Canada;North America;Technology;Laptop Stand Adjustable;4;5344;10;19238;1074;6407;Credit Card;19238,4;;;
ORD-11043;28/11/2024;Liam Patel;Home Office;Argentina;South America;Office Supplies;Whiteboard Markers Set 8;7;1717;20;9615;2444;1762;PayPal;9615,2;;;
ORD-10162;15/10/2024;Linda Rodriguez;Corporate;Mexico;North America;Office Supplies;Whiteboard Markers Set 8;7;979;30;4797;158;133;PayPal;4797,1;;;
ORD-11785;09/04/2024;Michael Sharma;Home Office;United States;North America;Clothing & Accessories;Wool Blend Scarf;1;5329;10;4796;639;1493;Credit Card;4796,1;;;
ORD-10119;08/10/2024;Zara Thomas;Consumer;United States;North America;Clothing & Accessories;Sports Water Bottle 750ml;6;1676;5;9553;844;3681;PayPal;9553,2;;;
ORD-11377;16/06/2025;Giulia Müller;Corporate;Japan;Asia Pacific;Technology;Wireless Ergonomic Mouse;2;2499;5;4748;1052;947;PayPal;4748,1;;;
ORD-10390;30/05/2025;Layla Chen;Corporate;Germany;Europe;Clothing & Accessories;Leather Belt Classic;3;4125;5;11756;891;4678;PayPal;11756,25;;;
ORD-11267;29/10/2024;Li Rossi;Corporate;Brazil;South America;Technology;USB-C Hub Multiport Adapter;3;4595;15;11717;1595;254;Cash on Delivery;11717,25;;;
ORD-11892;08/08/2024;Mary Oliveira;Consumer;South Korea;Asia Pacific;Clothing & Accessories;Travel Backpack 30L;3;4065;5;11585;1302;4186;PayPal;11585,25;;;
ORD-11828;24/01/2023;Sarah Zhang;Home Office;South Africa;Middle East & Africa;Clothing & Accessories;Canvas Messenger Bag;4;5787;20;18518;1388;5556;PayPal;18518,4;;;
ORD-10848;06/09/2024;Pierre Patel;Consumer;Germany;Europe;Clothing & Accessories;Canvas Messenger Bag;3;6842;10;18473;1209;7001;PayPal;18473,4;;;
ORD-10116;19/01/2024;Ivan Smith;Corporate;Canada;North America;Technology;Webcam HD 1080p;3;3406;10;9196;1243;2333;PayPal;9196,2;;;
ORD-11355;17/02/2023;Lucas Schmidt;Home Office;Australia;Asia Pacific;Technology;Wireless Bluetooth Headphones;1;23837;15;20261;1103;6048;Credit Card;20261,45;;;
ORD-10002;09/05/2025;Patricia Leroy;Consumer;South Korea;Asia Pacific;Technology;Tablet Stand Holder;7;2613;15;15547;1474;4013;PayPal;15547,35;;;
ORD-10549;21/01/2024;Thomas Rodriguez;Consumer;United States;North America;Technology;USB-C Hub Multiport Adapter;2;4924;10;8863;916;2531;Credit Card;8863,2;;;
ORD-10105;15/05/2023;Olivia Kumar;Corporate;India;Asia Pacific;Furniture;Floating Wall Shelves Set;2;7749;15;13173;1263;2611;Cash on Delivery;13173,3;;;
ORD-10381;03/07/2023;Sophie Harris;Consumer;India;Asia Pacific;Technology;Smart LED Desk Lamp;2;4618;5;8774;1238;2456;Credit Card;8774,2;;;
ORD-11390;16/09/2023;Elizabeth Martin;Consumer;United Kingdom;Europe;Technology;Wireless Ergonomic Mouse;5;2573;15;10935;1176;2683;Bank Transfer;10935,25;;;
ORD-10481;01/03/2025;Lucas Yamamoto;Consumer;South Africa;Middle East & Africa;Technology;Webcam HD 1080p;2;4849;10;8728;1286;2108;Cash on Delivery;8728,2;;;
ORD-11253;04/04/2023;Richard Harris;Corporate;France;Europe;Technology;Tablet Stand Holder;6;2563;15;13071;1772;2841;Credit Card;13071,3;;;
ORD-10808;31/12/2024;Yuki Costa;Consumer;South Africa;Middle East & Africa;Office Supplies;Tape Dispenser Heavy Duty;5;2251;5;10692;1975;3652;Cash on Delivery;10692,25;;;
ORD-11552;16/04/2023;Li Taylor;Consumer;Mexico;North America;Technology;Portable External SSD 1TB;2;9443;10;16997;686;5924;PayPal;16997,4;;;
ORD-11183;26/11/2025;Sarah Nilsson;Corporate;Japan;Asia Pacific;Technology;Wireless Ergonomic Mouse;4;2357;10;8485;169;161;Credit Card;8485,2;;;
ORD-10432;01/07/2023;Priya Schmidt;Corporate;Spain;Europe;Technology;Laptop Stand Adjustable;3;6262;10;16907;1218;5357;Cash on Delivery;16907,4;;;
ORD-10163;24/05/2025;Priya Brown;Corporate;China;Asia Pacific;Office Supplies;Premium Notebook Set A5;9;2453;15;18765;2764;6066;Credit Card;18765,45;;;
ORD-10377;25/04/2023;Omar Williams;Corporate;Japan;Asia Pacific;Clothing & Accessories;Wool Blend Scarf;6;3066;10;16556;2241;5117;Cash on Delivery;16556,4;;;
ORD-11777;23/06/2024;Nadia Anderson;Consumer;Spain;Europe;Office Supplies;Highlighters Neon Pack 6;3;811;15;2068;1426;-453;PayPal;2068,05;;;
ORD-10387;16/03/2025;Jennifer Harris;Home Office;Italy;Europe;Technology;Webcam HD 1080p;2;5132;20;8211;1191;1375;Credit Card;8211,2;;;
ORD-11656;20/04/2025;Hans Kumar;Consumer;Brazil;South America;Technology;Tablet Stand Holder;4;2536;20;8115;144;1096;Cash on Delivery;8115,2;;;
ORD-10665;05/04/2024;Noah Martinez;Home Office;Mexico;North America;Office Supplies;Premium Notebook Set A5;5;2369;15;10068;1477;3261;Credit Card;10068,25;;;
ORD-10496;08/08/2023;Jamal Ahmed;Corporate;Mexico;North America;Technology;Webcam HD 1080p;2;8888;10;15998;763;5458;Bank Transfer;15998,4;;;
ORD-11508;09/07/2024;Ivan Ahmed;Home Office;United States;North America;Clothing & Accessories;Canvas Messenger Bag;2;8673;10;15611;975;5963;Credit Card;15611,4;;;
ORD-10865;07/11/2024;Mia Laurent;Corporate;Germany;Europe;Clothing & Accessories;Leather Belt Classic;4;2157;10;7765;1154;2297;Credit Card;7765,2;;;
ORD-10503;18/02/2024;Elizabeth Singh;Corporate;Australia;Asia Pacific;Furniture;Floating Wall Shelves Set;2;4832;20;7731;1219;714;Cash on Delivery;7731,2;;;
ORD-11387;01/07/2023;Marco Harris;Consumer;UAE;Middle East & Africa;Furniture;Corner L-Shaped Desk;1;19258;20;15406;1206;2645;PayPal;15406,4;;;
ORD-11122;01/02/2025;Isabella Davis;Consumer;France;Europe;Clothing & Accessories;Canvas Messenger Bag;3;6251;20;15002;1295;4331;PayPal;15002,4;;;
ORD-10722;01/06/2023;Patricia Chen;Home Office;United Kingdom;Europe;Furniture;Folding Table Portable;1;11834;5;11242;766;3376;Credit Card;11242,3;;;
ORD-11925;23/09/2024;Sarah Miller;Corporate;Colombia;South America;Technology;Smart LED Desk Lamp;3;5532;10;14936;1668;414;PayPal;14936,4;;;
ORD-10847;07/01/2023;Ali Rodriguez;Consumer;Saudi Arabia;Middle East & Africa;Furniture;Folding Table Portable;1;5877;5;5583;1203;854;Credit Card;5583,15;;;
ORD-11441;05/09/2023;Noah Taylor;Consumer;United States;North America;Office Supplies;Whiteboard Markers Set 8;5;1947;5;9248;1128;3739;Cash on Delivery;9248,25;;;
ORD-10021;09/10/2024;Giulia Yamamoto;Consumer;Australia;Asia Pacific;Clothing & Accessories;Cotton Formal Shirt;4;2047;10;7369;118;2095;PayPal;7369,2;;;
ORD-11708;07/12/2023;Ava Garcia;Consumer;Mexico;North America;Clothing & Accessories;Travel Backpack 30L;2;5777;5;10976;989;421;Credit Card;10976,3;;;
ORD-11682;15/05/2023;Patricia Dubois;Corporate;Mexico;North America;Furniture;Mesh Back Task Chair;1;12155;25;9116;66;1163;PayPal;9116,25;;;
ORD-10284;12/10/2025;Michael Smith;Corporate;Canada;North America;Clothing & Accessories;Cotton Formal Shirt;2;5757;5;10938;711;447;PayPal;10938,3;;;
ORD-10298;24/09/2023;Jessica Tanaka;Consumer;Canada;North America;Technology;Portable External SSD 1TB;3;6051;20;14522;674;3864;Cash on Delivery;14522,4;;;
ORD-11310;26/03/2025;Hans Ali;Corporate;Italy;Europe;Office Supplies;Stapler Full-Size;4;1904;5;7235;1388;242;Credit Card;7235,2;;;
ORD-11561;02/10/2023;Omar Li;Corporate;Colombia;South America;Technology;Webcam HD 1080p;2;7963;10;14333;1145;4429;Credit Card;14333,4;;;
ORD-10464;31/03/2024;Ivan Zhang;Home Office;Canada;North America;Office Supplies;Desk Calendar 2025;7;1879;5;12495;912;5664;Cash on Delivery;12495,35;;;
ORD-11440;24/09/2024;Wei Patel;Corporate;Colombia;South America;Technology;Tablet Stand Holder;5;1867;5;8868;1438;2296;Cash on Delivery;8868,25;;;
ORD-10607;14/05/2023;Fatima Laurent;Home Office;Argentina;South America;Technology;USB-C Hub Multiport Adapter;1;5577;5;5298;1125;1106;PayPal;5298,15;;;
ORD-10968;23/01/2023;Wei Müller;Consumer;Canada;North America;Furniture;Floating Wall Shelves Set;4;3718;5;14128;1228;3977;Credit Card;14128,4;;;
ORD-10533;25/11/2024;Jennifer Romano;Consumer;Canada;North America;Clothing & Accessories;Leather Belt Classic;4;1859;5;7064;908;2438;Credit Card;7064,2;;;
ORD-10012;26/06/2024;Thomas Rodriguez;Corporate;Brazil;South America;Furniture;Folding Table Portable;1;7808;10;7027;1196;1146;Credit Card;7027,2;;;
ORD-10177;07/06/2023;Wei Romano;Consumer;Nigeria;Middle East & Africa;Technology;Tablet Stand Holder;6;2462;5;14033;2476;3432;Credit Card;14033,4;;;
ORD-11649;11/12/2023;Ava Li;Corporate;Argentina;South America;Office Supplies;Paper Clips Box 500pc;3;613;5;1747;1606;-687;Cash on Delivery;1747,05;;;
ORD-10098;08/02/2023;Ava Jones;Consumer;Australia;Asia Pacific;Technology;Webcam HD 1080p;3;6455;10;17428;1301;5476;Credit Card;17428,5;;;
ORD-10243;18/11/2024;Pierre Hassan;Home Office;United States;North America;Furniture;Monitor Riser Wood;4;3653;5;13881;133;3784;Bank Transfer;13881,4;;;
ORD-10904;18/07/2023;Thomas Thompson;Consumer;India;Asia Pacific;Technology;Wireless Bluetooth Headphones;1;19035;10;17131;1096;5566;PayPal;17131,5;;;
ORD-11136;06/10/2024;Emma Müller;Consumer;Italy;Europe;Clothing & Accessories;Travel Backpack 30L;1;9945;15;8453;783;2698;Credit Card;8453,25;;;
ORD-10675;29/12/2025;Sophie Clark;Consumer;Argentina;South America;Furniture;Folding Table Portable;2;8414;20;13462;1499;1866;PayPal;13462,4;;;
ORD-10810;12/08/2024;Nadia Wang;Consumer;Saudi Arabia;Middle East & Africa;Technology;Tablet Stand Holder;3;2466;10;6658;1437;1152;PayPal;6658,2;;;
ORD-11026;22/01/2023;Chen Singh;Consumer;China;Asia Pacific;Technology;Smart LED Desk Lamp;3;3498;5;9969;1467;273;Credit Card;9969,3;;;
ORD-11055;03/10/2025;David Williams;Consumer;United States;North America;Technology;Laptop Stand Adjustable;2;5699;15;9688;666;2753;Credit Card;9688,3;;;
ORD-10347;24/10/2023;Ayumi Garcia;Consumer;Mexico;North America;Clothing & Accessories;Wool Blend Scarf;4;3398;5;12912;1426;469;Credit Card;12912,4;;;
ORD-10157;05/06/2024;Xiao Kumar;Home Office;Australia;Asia Pacific;Clothing & Accessories;Silk Tie Collection;1;3398;5;3228;963;566;Cash on Delivery;3228,1;;;
ORD-10649;04/10/2025;Wei Zhang;Consumer;Germany;Europe;Technology;Laptop Stand Adjustable;2;6756;5;12836;915;4489;PayPal;12836,4;;;
ORD-11378;27/02/2023;Michael Hassan;Corporate;India;Asia Pacific;Office Supplies;Ballpoint Pen Pack 12;12;563;5;6418;3126;252;Credit Card;6418,2;;;
ORD-10196;02/10/2023;Carlos Santos;Corporate;UAE;Middle East & Africa;Furniture;Filing Cabinet 3-Drawer;1;13191;15;11212;1252;2045;PayPal;11212,35;;;
ORD-10169;18/05/2024;Hanna Robinson;Consumer;Italy;Europe;Furniture;Desk Organizer Set;6;2658;20;12758;177;1419;PayPal;12758,4;;;
ORD-10596;03/07/2025;Elizabeth Park;Corporate;United Kingdom;Europe;Office Supplies;Ballpoint Pen Pack 12;8;1767;10;12722;2524;3837;PayPal;12722,4;;;
ORD-10398;05/10/2023;Ayumi Garcia;Corporate;Mexico;North America;Furniture;Desk Organizer Set;1;3529;10;3176;693;366;Credit Card;3176,1;;;
ORD-11258;19/06/2023;Carlos Dubois;Consumer;Brazil;South America;Clothing & Accessories;Polarized Sunglasses;1;7909;20;6327;1051;1322;Credit Card;6327,2;;;
ORD-11847;11/12/2023;Giulia Williams;Corporate;United Kingdom;Europe;Clothing & Accessories;Polarized Sunglasses;3;4337;15;11059;1443;3111;Bank Transfer;11059,35;;;
ORD-11438;11/04/2025;Olga Russo;Consumer;Italy;Europe;Technology;Noise Cancelling Earbuds;1;11593;5;11013;929;3708;Credit Card;11013,35;;;
ORD-11699;29/09/2023;Emma Martinez;Home Office;Nigeria;Middle East & Africa;Technology;Tablet Stand Holder;4;3661;15;12447;1607;2786;Credit Card;12447,4;;;
ORD-11700;24/04/2023;Sarah Robinson;Home Office;Germany;Europe;Furniture;Filing Cabinet 3-Drawer;1;13726;10;12353;847;327;PayPal;12353,4;;;
ORD-11306;22/02/2023;Mia Müller;Home Office;United Kingdom;Europe;Technology;Wireless Ergonomic Mouse;4;3601;15;12243;1044;3277;Credit Card;12243,4;;;
ORD-11522;27/09/2024;Amir Anderson;Corporate;United Kingdom;Europe;Technology;Smart LED Desk Lamp;4;3183;5;12095;1201;3891;Bank Transfer;12095,4;;;
ORD-10713;10/09/2023;Sophie Brown;Corporate;Mexico;North America;Technology;Wireless Bluetooth Headphones;2;6608;10;11894;935;369;Credit Card;11894,4;;;
ORD-10559;18/11/2023;Fatima Patel;Consumer;Canada;North America;Office Supplies;Highlighters Neon Pack 6;3;1162;15;2963;743;651;Credit Card;2963,1;;;
ORD-11297;28/04/2024;Jessica Martin;Consumer;India;Asia Pacific;Furniture;Floating Wall Shelves Set;4;3476;15;11818;1786;169;PayPal;11818,4;;;
ORD-10236;21/04/2024;Priya Brown;Home Office;France;Europe;Clothing & Accessories;Cotton Formal Shirt;1;3239;10;2915;908;387;Bank Transfer;2915,1;;;
ORD-11143;13/03/2024;Layla Park;Corporate;Mexico;North America;Office Supplies;Ballpoint Pen Pack 12;8;1612;10;11606;2061;3742;Credit Card;11606,4;;;
ORD-10749;21/11/2025;Jessica Hassan;Home Office;Argentina;South America;Office Supplies;Tape Dispenser Heavy Duty;7;1282;5;8525;2524;1963;Bank Transfer;8525,3;;;
ORD-10368;30/09/2025;Yuki Miller;Consumer;Australia;Asia Pacific;Furniture;Folding Table Portable;2;6303;10;11345;1028;2753;Cash on Delivery;11345,4;;;
ORD-11895;06/05/2023;John Robinson;Consumer;Canada;North America;Technology;Laptop Stand Adjustable;2;4417;5;8392;63;2903;Credit Card;8392,3;;;
ORD-10674;23/06/2023;Ahmed Garcia;Corporate;UAE;Middle East & Africa;Clothing & Accessories;Sports Water Bottle 750ml;10;1457;5;13841;3554;3002;PayPal;13841,5;;;
ORD-11851;14/10/2024;Patricia Santos;Home Office;China;Asia Pacific;Clothing & Accessories;Leather Wallet Minimalist;1;6138;10;5524;1068;1387;Cash on Delivery;5524,2;;;
ORD-11082;12/02/2023;Patricia Müller;Consumer;Australia;Asia Pacific;Clothing & Accessories;Wool Blend Scarf;1;4357;5;4139;1006;954;PayPal;4139,15;;;
ORD-11950;14/12/2024;Isabella White;Corporate;India;Asia Pacific;Technology;Laptop Stand Adjustable;5;3927;30;13744;1948;997;Bank Transfer;13744,5;;;
ORD-10419;28/12/2025;Ayumi Russo;Consumer;Germany;Europe;Technology;Wireless Ergonomic Mouse;1;4839;15;4113;89;562;Credit Card;4113,15;;;
ORD-11385;06/05/2023;Ali Miller;Consumer;Mexico;North America;Office Supplies;Stapler Full-Size;1;1613;15;1371;612;33;Cash on Delivery;1371,05;;;
ORD-11466;24/06/2024;Oscar Miller;Corporate;Saudi Arabia;Middle East & Africa;Technology;Webcam HD 1080p;1;6839;20;5471;1238;472;Bank Transfer;5471,2;;;
ORD-11194;24/01/2025;Robert Harris;Home Office;China;Asia Pacific;Clothing & Accessories;Polarized Sunglasses;2;3126;15;5314;1033;1155;Cash on Delivery;5314,2;;;
ORD-11388;12/07/2025;Chen Ali;Corporate;Colombia;South America;Furniture;Folding Table Portable;1;11746;10;10571;1169;2354;PayPal;10571,4;;;
ORD-11655;31/01/2023;Li Wang;Corporate;Brazil;South America;Technology;USB-C Hub Multiport Adapter;2;2899;10;5218;127;759;Credit Card;5218,2;;;
ORD-10948;03/01/2025;Jessica Anderson;Corporate;Canada;North America;Furniture;Filing Cabinet 3-Drawer;1;11576;10;10418;646;2826;PayPal;10418,4;;;
ORD-11347;28/08/2024;Amina Wang;Consumer;United States;North America;Technology;Smart LED Desk Lamp;2;6484;20;10374;694;2548;PayPal;10374,4;;;
ORD-11899;20/08/2025;Ivan Nilsson;Corporate;United Kingdom;Europe;Clothing & Accessories;Polarized Sunglasses;3;4519;15;11523;971;3774;Credit Card;11523,45;;;
ORD-10864;06/12/2025;Olga Robinson;Corporate;South Africa;Middle East & Africa;Furniture;Desk Organizer Set;1;4037;5;3835;1287;126;Bank Transfer;3835,15;;;
ORD-11266;14/10/2025;Chen Tanaka;Home Office;Japan;Asia Pacific;Office Supplies;Ballpoint Pen Pack 12;1;1339;5;1272;993;-324;PayPal;1272,05;;;
ORD-10654;30/12/2024;Pierre Ahmed;Corporate;United Kingdom;Europe;Clothing & Accessories;Cotton Formal Shirt;7;2015;10;12694;222;3422;Cash on Delivery;12694,5;;;
ORD-10138;26/07/2024;Ali Jones;Consumer;Spain;Europe;Clothing & Accessories;Travel Backpack 30L;1;8443;25;6332;829;1281;Bank Transfer;6332,25;;;
ORD-11911;18/09/2023;Lucas Thomas;Corporate;China;Asia Pacific;Clothing & Accessories;Travel Backpack 30L;2;3608;30;5051;1281;162;PayPal;5051,2;;;
ORD-11338;03/12/2024;Nadia Harris;Home Office;Mexico;North America;Clothing & Accessories;Silk Tie Collection;3;2435;15;6209;81;1746;Cash on Delivery;6209,25;;;
ORD-10356;15/08/2023;Oscar Thomas;Home Office;Canada;North America;Office Supplies;Stapler Full-Size;4;1289;5;4898;957;1621;Credit Card;4898,2;;;
ORD-11836;25/10/2024;Richard Jackson;Home Office;United Kingdom;Europe;Office Supplies;Ballpoint Pen Pack 12;7;1612;15;9591;1212;3301;Cash on Delivery;9591,4;;;
ORD-11191;08/09/2023;Maria Rodriguez;Consumer;United States;North America;Clothing & Accessories;Canvas Messenger Bag;1;7927;10;7134;656;2515;Credit Card;7134,3;;;
ORD-11908;15/12/2024;Zara Weber;Consumer;Japan;Asia Pacific;Office Supplies;Highlighters Neon Pack 6;4;1249;5;4746;1476;1022;Bank Transfer;4746,2;;;
ORD-11040;25/09/2025;Diego Ferrari;Corporate;Germany;Europe;Clothing & Accessories;Business Casual Blazer;1;7887;25;5915;891;108;PayPal;5915,25;;;
ORD-10962;09/01/2024;Ayumi Suzuki;Corporate;Colombia;South America;Clothing & Accessories;Sports Water Bottle 750ml;6;1229;5;7005;132;1998;Bank Transfer;7005,3;;;
ORD-11860;27/03/2025;Hans Patel;Consumer;Canada;North America;Technology;Tablet Stand Holder;2;4896;5;9302;91;3006;PayPal;9302,4;;;
ORD-10394;31/03/2024;Oscar Kim;Home Office;Argentina;South America;Clothing & Accessories;Silk Tie Collection;8;1451;20;9286;2787;695;PayPal;9286,4;;;
ORD-11059;27/02/2024;Patricia Clark;Consumer;South Africa;Middle East & Africa;Office Supplies;Whiteboard Markers Set 8;2;1333;15;2266;1568;-502;PayPal;2266,1;;;
ORD-10879;29/09/2024;Carlos Patel;Corporate;UAE;Middle East & Africa;Technology;Webcam HD 1080p;3;3706;20;8894;1302;1477;Cash on Delivery;8894,4;;;
ORD-11893;26/01/2025;Michael Davis;Home Office;Mexico;North America;Technology;Tablet Stand Holder;2;5222;15;8877;988;2145;Cash on Delivery;8877,4;;;
ORD-11562;06/07/2023;Susan Miller;Corporate;Mexico;North America;Technology;Smart LED Desk Lamp;2;5202;15;8843;714;2407;PayPal;8843,4;;;
ORD-11553;25/04/2023;Karen Moreau;Consumer;China;Asia Pacific;Clothing & Accessories;Leather Belt Classic;1;4616;5;4385;1108;969;Credit Card;4385,2;;;
ORD-11138;02/02/2025;Mary Patel;Consumer;Spain;Europe;Technology;Noise Cancelling Earbuds;1;7227;10;6504;922;1607;Bank Transfer;6504,3;;;
ORD-10136;16/03/2025;Xiao Weber;Home Office;United Kingdom;Europe;Clothing & Accessories;Silk Tie Collection;1;3417;5;3246;87;668;Bank Transfer;3246,15;;;
ORD-11088;29/03/2023;Hans Santos;Consumer;Canada;North America;Office Supplies;Premium Notebook Set A5;5;1127;5;5353;120;1617;Bank Transfer;5353,25;;;
ORD-10946;18/05/2025;Liam White;Corporate;United States;North America;Clothing & Accessories;Silk Tie Collection;1;4758;10;4282;577;1326;Cash on Delivery;4282,2;;;
ORD-10728;07/05/2024;Layla Thomas;Corporate;Japan;Asia Pacific;Technology;Tablet Stand Holder;3;3759;15;9585;1077;2306;Credit Card;9585,45;;;
ORD-10082;28/04/2024;Priya Williams;Corporate;Canada;North America;Clothing & Accessories;Cotton Formal Shirt;2;6905;25;10357;858;2594;Credit Card;10357,5;;;
ORD-11375;19/06/2023;Raj Chen;Home Office;Japan;Asia Pacific;Office Supplies;Desk Calendar 2025;2;1213;15;2062;1226;-256;Cash on Delivery;2062,1;;;
ORD-11793;27/11/2023;Joseph Suzuki;Consumer;United States;North America;Clothing & Accessories;Cotton Formal Shirt;1;4568;10;4111;564;1263;Bank Transfer;4111,2;;;
ORD-11525;26/07/2025;Omar Russo;Corporate;Colombia;South America;Office Supplies;Highlighters Neon Pack 6;8;571;10;4111;264;-585;PayPal;4111,2;;;
ORD-10326;20/07/2023;Amina Johansson;Corporate;Spain;Europe;Furniture;Monitor Riser Wood;1;5124;20;4099;807;218;Cash on Delivery;4099,2;;;
ORD-11913;08/05/2025;Richard Williams;Consumer;China;Asia Pacific;Technology;Noise Cancelling Earbuds;2;4523;10;8141;1287;1879;PayPal;8141,4;;;
ORD-10550;27/08/2023;Omar Park;Consumer;United Kingdom;Europe;Technology;USB-C Hub Multiport Adapter;2;5325;5;10117;808;3452;PayPal;10117,5;;;
ORD-10107;11/07/2023;Noah Santos;Consumer;South Korea;Asia Pacific;Office Supplies;Binder Clips Assorted 48pc;1;1059;5;1006;114;-611;Credit Card;1006,05;;;
ORD-11530;04/08/2023;Olivia Rossi;Consumer;Saudi Arabia;Middle East & Africa;Furniture;Folding Table Portable;2;4423;10;7961;137;1283;PayPal;7961,4;;;
ORD-11713;19/11/2023;Kenji Moreau;Corporate;Canada;North America;Office Supplies;Whiteboard Markers Set 8;7;745;5;4954;1462;1145;PayPal;4954,25;;;
ORD-10334;20/07/2025;Ethan Santos;Consumer;China;Asia Pacific;Clothing & Accessories;Travel Backpack 30L;1;3037;5;2885;1062;305;PayPal;2885,15;;;
ORD-10577;25/12/2025;Yuki Kim;Consumer;UAE;Middle East & Africa;Technology;Wireless Bluetooth Headphones;1;10137;15;8616;1318;1723;PayPal;8616,45;;;
ORD-11427;07/03/2025;Michael Leroy;Home Office;United States;North America;Office Supplies;Ballpoint Pen Pack 12;6;1494;15;7619;104;2545;Credit Card;7619,4;;;
ORD-10255;05/04/2025;Diego Rossi;Corporate;Canada;North America;Technology;Tablet Stand Holder;2;4223;10;7601;952;2004;PayPal;7601,4;;;
ORD-11199;29/07/2023;Liam Wang;Consumer;China;Asia Pacific;Technology;Tablet Stand Holder;3;3319;15;8463;1124;1863;Credit Card;8463,45;;;
ORD-10698;06/05/2025;Joseph Thompson;Consumer;Colombia;South America;Technology;Wireless Bluetooth Headphones;1;8226;10;7403;1114;1765;Credit Card;7403,4;;;
ORD-11807;26/10/2024;Amina Harris;Consumer;United States;North America;Technology;Laptop Stand Adjustable;2;3876;5;7364;668;2432;Credit Card;7364,4;;;
ORD-11233;18/12/2023;Maria Miller;Corporate;Canada;North America;Office Supplies;Whiteboard Markers Set 8;3;1775;15;4526;1014;1116;Credit Card;4526,25;;;
ORD-10696;01/11/2023;Susan Chen;Corporate;China;Asia Pacific;Technology;USB-C Hub Multiport Adapter;2;3806;5;7231;1058;1986;Credit Card;7231,4;;;
ORD-10328;17/05/2025;Ivan Sharma;Corporate;Mexico;North America;Office Supplies;Stapler Full-Size;4;1058;15;3597;1031;662;Bank Transfer;3597,2;;;
ORD-11341;18/10/2024;Li Müller;Corporate;Japan;Asia Pacific;Technology;Tablet Stand Holder;3;1993;25;4484;1357;-161;Credit Card;4484,25;;;
ORD-11769;06/08/2023;Liam Johansson;Corporate;South Africa;Middle East & Africa;Office Supplies;Desk Calendar 2025;5;943;5;4479;2242;115;Credit Card;4479,25;;;
ORD-11379;31/08/2023;Omar Park;Corporate;Mexico;North America;Technology;Webcam HD 1080p;1;3756;5;3568;559;943;PayPal;3568,2;;;
ORD-10852;14/08/2023;Oscar White;Corporate;United States;North America;Clothing & Accessories;Travel Backpack 30L;1;7886;10;7097;74;2414;Credit Card;7097,4;;;
ORD-11628;30/08/2023;Isabella Taylor;Corporate;Mexico;North America;Clothing & Accessories;Silk Tie Collection;1;2523;30;1766;663;-158;PayPal;1766,1;;;
ORD-10104;22/05/2024;Olivia Wang;Consumer;Japan;Asia Pacific;Office Supplies;Highlighters Neon Pack 6;4;924;5;3511;1834;14;Credit Card;3511,2;;;
ORD-10813;06/04/2024;Raj Li;Consumer;Mexico;North America;Office Supplies;Binder Clips Assorted 48pc;5;1025;15;4356;978;1072;Cash on Delivery;4356,25;;;
ORD-11255;14/12/2025;Amina Smith;Consumer;Mexico;North America;Office Supplies;Whiteboard Markers Set 8;7;1244;20;6966;163;1417;Cash on Delivery;6966,4;;;
ORD-11010;28/10/2025;Robert Russo;Corporate;India;Asia Pacific;Office Supplies;Premium Notebook Set A5;3;1448;20;3475;1511;9;Credit Card;3475,2;;;
ORD-10593;27/11/2025;Emma Suzuki;Home Office;United Kingdom;Europe;Furniture;Desk Organizer Set;1;3828;10;3445;759;389;Cash on Delivery;3445,2;;;
ORD-10110;02/02/2024;Ayumi White;Corporate;Italy;Europe;Clothing & Accessories;Leather Wallet Minimalist;2;3808;10;6854;1011;2035;Cash on Delivery;6854,4;;;
ORD-10090;17/07/2023;Jamal Jones;Consumer;Canada;North America;Office Supplies;Whiteboard Markers Set 8;3;1899;10;5127;987;1576;Credit Card;5127,3;;;
ORD-10504;06/10/2024;John Suzuki;Home Office;Canada;North America;Clothing & Accessories;Leather Wallet Minimalist;1;3798;10;3418;722;797;Credit Card;3418,2;;;
ORD-10831;12/11/2025;Karen Romano;Consumer;India;Asia Pacific;Office Supplies;Tape Dispenser Heavy Duty;4;2132;20;6822;1403;1581;PayPal;6822,4;;;
ORD-10792;01/07/2023;Oscar Schmidt;Consumer;Australia;Asia Pacific;Office Supplies;Stapler Full-Size;5;1879;10;8455;1523;2704;PayPal;8455,5;;;
ORD-11511;07/03/2025;Kenji Johansson;Consumer;Italy;Europe;Technology;Webcam HD 1080p;1;5234;5;4972;784;1309;Bank Transfer;4972,3;;;
ORD-11830;26/12/2023;John Miller;Home Office;Canada;North America;Technology;Tablet Stand Holder;3;2588;15;6599;699;163;Credit Card;6599,4;;;
ORD-10648;22/09/2024;Omar Dubois;Home Office;Australia;Asia Pacific;Office Supplies;Ballpoint Pen Pack 12;3;642;15;1637;1539;-769;Credit Card;1637,1;;;
ORD-10826;30/04/2023;Ava Fischer;Corporate;Australia;Asia Pacific;Office Supplies;Ballpoint Pen Pack 12;4;859;5;3264;1151;567;Credit Card;3264,2;;;
ORD-10766;28/12/2025;Xiao Robinson;Consumer;Brazil;South America;Clothing & Accessories;Business Casual Blazer;1;7711;5;7325;1216;2254;PayPal;7325,45;;;
ORD-11867;06/09/2023;Thomas Santos;Consumer;United States;North America;Clothing & Accessories;Travel Backpack 30L;1;4255;5;4042;738;1177;Credit Card;4042,25;;;
ORD-10285;06/07/2025;Amir Yamamoto;Home Office;Canada;North America;Technology;Wireless Ergonomic Mouse;1;4235;5;4023;681;1013;Credit Card;4023,25;;;
ORD-10574;29/09/2023;Ayumi Ali;Corporate;Spain;Europe;Office Supplies;Tape Dispenser Heavy Duty;5;1882;15;7998;1099;2665;Bank Transfer;7998,5;;;
ORD-10688;30/08/2023;Mia Davis;Consumer;South Korea;Asia Pacific;Technology;Wireless Ergonomic Mouse;1;3468;10;3121;1064;15;Credit Card;3121,2;;;
ORD-10730;21/02/2025;Richard Dubois;Home Office;Mexico;North America;Clothing & Accessories;Business Casual Blazer;1;7191;5;6831;727;2509;Credit Card;6831,45;;;
ORD-10489;08/10/2023;Richard Moreau;Corporate;UAE;Middle East & Africa;Furniture;Desk Organizer Set;2;5005;25;7507;1265;236;Credit Card;7507,5;;;
ORD-10030;11/08/2023;Giulia Taylor;Corporate;Brazil;South America;Office Supplies;Whiteboard Markers Set 8;2;1766;15;3002;1305;108;Credit Card;3002,2;;;
ORD-11791;21/05/2024;Mia Jones;Corporate;India;Asia Pacific;Office Supplies;Binder Clips Assorted 48pc;3;526;5;1499;1225;-436;Credit Card;1499,1;;;
ORD-10686;15/01/2023;Clara Smith;Corporate;Colombia;South America;Office Supplies;Whiteboard Markers Set 8;5;991;25;3716;2073;-587;Cash on Delivery;3716,25;;;
ORD-10453;26/10/2024;Olivia Nilsson;Home Office;Australia;Asia Pacific;Technology;Tablet Stand Holder;2;3684;20;5894;1085;757;Credit Card;5894,4;;;
ORD-11526;16/08/2023;Ethan Kim;Corporate;Colombia;South America;Clothing & Accessories;Business Casual Blazer;1;5971;15;5075;1143;946;PayPal;5075,35;;;
ORD-11158;04/02/2023;Maria Sharma;Home Office;Japan;Asia Pacific;Office Supplies;Desk Calendar 2025;10;837;15;7114;2419;929;Cash on Delivery;7114,5;;;
ORD-11877;16/05/2024;Karen Ferrari;Consumer;United States;North America;Furniture;Desk Organizer Set;1;4978;15;4231;663;581;PayPal;4231,3;;;
ORD-10478;29/10/2023;Jamal Robinson;Home Office;South Korea;Asia Pacific;Office Supplies;Highlighters Neon Pack 6;1;739;5;702;958;-589;PayPal;702,05;;;
ORD-10903;04/04/2023;Priya Zhang;Corporate;Mexico;North America;Office Supplies;Desk Calendar 2025;2;1549;10;2788;607;787;PayPal;2788,2;;;
ORD-10866;20/01/2024;Jamal Jones;Home Office;Mexico;North America;Technology;Wireless Ergonomic Mouse;1;3655;5;3472;581;881;Credit Card;3472,25;;;
ORD-10373;07/05/2024;Oscar Kim;Corporate;South Africa;Middle East & Africa;Office Supplies;Sticky Notes Multicolor 6-Pack;3;813;15;2073;1466;-491;PayPal;2073,15;;;
ORD-10211;20/10/2023;Sarah Tanaka;Corporate;China;Asia Pacific;Technology;Tablet Stand Holder;4;1534;10;5522;1678;469;PayPal;5522,4;;;
ORD-11859;10/07/2023;Jennifer Garcia;Consumer;Canada;North America;Clothing & Accessories;Polarized Sunglasses;1;5916;10;5324;66;1706;Credit Card;5324,4;;;
ORD-11804;09/01/2025;Jamal Kim;Consumer;Canada;North America;Office Supplies;Ballpoint Pen Pack 12;3;986;10;2662;769;562;Credit Card;2662,2;;;
ORD-11647;08/04/2025;Emma Chen;Consumer;China;Asia Pacific;Office Supplies;Premium Notebook Set A5;2;2057;5;3908;1263;794;Bank Transfer;3908,3;;;
ORD-11823;29/08/2024;Oscar Johansson;Consumer;China;Asia Pacific;Office Supplies;Stapler Full-Size;4;1531;15;5205;1707;742;Bank Transfer;5205,4;;;
ORD-10337;28/03/2025;Mary Chen;Home Office;United States;North America;Clothing & Accessories;Cotton Formal Shirt;1;4773;5;4534;594;1554;PayPal;4534,35;;;
ORD-11160;25/05/2024;Clara Romano;Consumer;India;Asia Pacific;Office Supplies;Ballpoint Pen Pack 12;2;1419;10;2554;1001;276;Credit Card;2554,2;;;
ORD-11689;07/02/2025;Ayumi Smith;Consumer;China;Asia Pacific;Clothing & Accessories;Canvas Messenger Bag;2;2773;10;4991;117;1048;PayPal;4991,4;;;
ORD-10468;23/04/2023;Wei Johansson;Corporate;India;Asia Pacific;Furniture;Desk Organizer Set;1;5496;10;4946;1074;574;Credit Card;4946,4;;;
ORD-10202;02/05/2023;Ivan Anderson;Corporate;China;Asia Pacific;Office Supplies;Tape Dispenser Heavy Duty;3;1278;5;3642;1472;445;Credit Card;3642,3;;;
ORD-10038;16/10/2024;Kenji Jones;Corporate;Canada;North America;Clothing & Accessories;Cotton Formal Shirt;1;2692;15;2288;691;251;Credit Card;2288,2;;;
ORD-10422;26/05/2023;Clara Santos;Corporate;Mexico;North America;Office Supplies;Tape Dispenser Heavy Duty;3;1584;5;4514;796;158;Credit Card;4514,4;;;
ORD-11927;02/12/2025;Pierre Suzuki;Corporate;Colombia;South America;Office Supplies;Desk Calendar 2025;2;1244;10;2239;1174;-55;PayPal;2239,2;;;
ORD-11648;03/12/2025;Lucas Clark;Home Office;South Africa;Middle East & Africa;Furniture;Floating Wall Shelves Set;1;4113;5;3907;1301;138;PayPal;3907,35;;;
ORD-10895;20/07/2025;Mary Anderson;Consumer;Australia;Asia Pacific;Technology;Smart LED Desk Lamp;1;4612;5;4381;1098;746;Credit Card;4381,4;;;
ORD-11467;04/01/2024;Jamal Patel;Consumer;United Kingdom;Europe;Office Supplies;Stapler Full-Size;2;1717;5;3262;1014;703;Bank Transfer;3262,3;;;
ORD-11825;07/12/2023;Wei Fischer;Consumer;Mexico;North America;Office Supplies;Premium Notebook Set A5;2;2403;10;4325;926;1236;Cash on Delivery;4325,4;;;
ORD-10124;08/03/2023;David Harris;Corporate;Italy;Europe;Office Supplies;Whiteboard Markers Set 8;5;1195;10;5377;1479;1209;Credit Card;5377,5;;;
ORD-10972;26/09/2025;Isabella White;Corporate;Japan;Asia Pacific;Office Supplies;Stapler Full-Size;3;1189;25;2675;128;-21;PayPal;2675,25;;;
ORD-11424;17/01/2024;Felix Taylor;Home Office;Mexico;North America;Office Supplies;Highlighters Neon Pack 6;2;1184;10;2131;987;78;Credit Card;2131,2;;;
ORD-11285;10/10/2025;Ivan Davis;Consumer;United States;North America;Technology;USB-C Hub Multiport Adapter;1;4696;10;4226;743;90;PayPal;4226,4;;;
ORD-11990;02/09/2025;Jennifer Clark;Corporate;Saudi Arabia;Middle East & Africa;Office Supplies;Stapler Full-Size;2;1164;10;2095;1333;-286;Credit Card;2095,2;;;
ORD-10406;24/05/2025;Barbara Fischer;Corporate;India;Asia Pacific;Office Supplies;Whiteboard Markers Set 8;3;1015;15;2588;1606;-388;PayPal;2588,25;;;
ORD-10492;20/05/2025;Ingrid Clark;Consumer;United States;North America;Office Supplies;Ballpoint Pen Pack 12;5;601;15;2554;793;409;Credit Card;2554,25;;;
ORD-10423;01/06/2025;Amina Tanaka;Consumer;Mexico;North America;Office Supplies;Binder Clips Assorted 48pc;2;1124;10;2023;669;342;PayPal;2023,2;;;
ORD-10960;25/09/2025;Olivia Ali;Home Office;Canada;North America;Office Supplies;Highlighters Neon Pack 6;4;1063;5;4039;1115;1011;Credit Card;4039,4;;;
ORD-11778;05/12/2024;Clara Garcia;Consumer;Japan;Asia Pacific;Office Supplies;Stapler Full-Size;6;736;10;3974;1857;13;Bank Transfer;3974,4;;;
ORD-10048;19/11/2024;Sophie Kim;Consumer;Australia;Asia Pacific;Technology;Webcam HD 1080p;1;4091;15;3477;1018;209;Cash on Delivery;3477,35;;;
ORD-11858;31/01/2023;Ava Martinez;Corporate;Nigeria;Middle East & Africa;Office Supplies;Binder Clips Assorted 48pc;3;865;5;2465;1704;-407;Credit Card;2465,25;;;
ORD-11064;18/03/2023;Karen Jackson;Consumer;Japan;Asia Pacific;Clothing & Accessories;Polarized Sunglasses;1;2885;15;2452;1081;-72;Cash on Delivery;2452,25;;;
ORD-10376;08/06/2023;Omar Garcia;Corporate;China;Asia Pacific;Office Supplies;Highlighters Neon Pack 6;6;573;15;2922;1891;-516;Cash on Delivery;2922,3;;;
ORD-10989;24/05/2024;David Laurent;Consumer;United States;North America;Clothing & Accessories;Leather Belt Classic;1;4843;20;3874;696;757;Credit Card;3874,4;;;
ORD-11803;07/06/2024;Wei Costa;Home Office;Argentina;South America;Clothing & Accessories;Polarized Sunglasses;1;4783;20;3826;1096;338;Credit Card;3826,4;;;
ORD-10765;31/10/2024;Priya Sato;Consumer;Spain;Europe;Office Supplies;Sticky Notes Multicolor 6-Pack;2;1034;10;1861;1142;-212;Cash on Delivery;1861,2;;;
ORD-11987;04/11/2025;Hanna Ferrari;Consumer;Italy;Europe;Technology;Tablet Stand Holder;1;4857;15;4128;892;565;PayPal;4128,45;;;
ORD-10611;11/02/2025;Ayumi Pereira;Consumer;Canada;North America;Clothing & Accessories;Wool Blend Scarf;1;2645;15;2248;609;317;PayPal;2248,25;;;
ORD-11568;24/05/2024;James Brown;Consumer;Italy;Europe;Office Supplies;Binder Clips Assorted 48pc;3;999;10;2697;852;496;PayPal;2697,3;;;
ORD-11089;12/04/2025;Hans Zhang;Home Office;Spain;Europe;Office Supplies;Desk Calendar 2025;3;938;5;2673;895;512;PayPal;2673,3;;;
ORD-11327;20/11/2024;Amir Johansson;Consumer;Australia;Asia Pacific;Office Supplies;Premium Notebook Set A5;4;984;10;3542;1378;393;Cash on Delivery;3542,4;;;
ORD-11678;20/04/2024;Mia Martin;Home Office;France;Europe;Office Supplies;Tape Dispenser Heavy Duty;2;2062;15;3505;1125;524;PayPal;3505,4;;;
ORD-11953;08/12/2023;Liam Costa;Consumer;Colombia;South America;Office Supplies;Paper Clips Box 500pc;1;918;5;872;1153;-694;PayPal;872,1;;;
ORD-10050;19/09/2024;Robert Garcia;Consumer;Germany;Europe;Office Supplies;Whiteboard Markers Set 8;3;1357;5;3867;1298;737;Credit Card;3867,45;;;
ORD-11216;17/10/2023;Maria Costa;Corporate;South Africa;Middle East & Africa;Office Supplies;Binder Clips Assorted 48pc;3;945;25;2126;1495;-645;PayPal;2126,25;;;
ORD-10240;26/07/2023;Lucas Jones;Consumer;Argentina;South America;Furniture;Desk Organizer Set;1;2114;20;1691;1208;-785;Cash on Delivery;1691,2;;;
ORD-11750;10/06/2024;Olga Robinson;Consumer;United States;North America;Clothing & Accessories;Cotton Formal Shirt;1;2654;5;2521;691;503;Cash on Delivery;2521,3;;;
ORD-11534;05/09/2024;Jessica Williams;Consumer;United States;North America;Technology;Wireless Ergonomic Mouse;1;3033;5;2881;689;524;Bank Transfer;2881,35;;;
ORD-10393;18/08/2025;William Chen;Corporate;Mexico;North America;Office Supplies;Whiteboard Markers Set 8;2;894;10;1609;666;138;Credit Card;1609,2;;;
ORD-10727;09/06/2023;Mia Sharma;Consumer;United States;North America;Furniture;Desk Organizer Set;2;1626;5;3089;626;512;PayPal;3089,4;;;
ORD-10636;28/01/2023;Ayumi Tanaka;Corporate;South Korea;Asia Pacific;Office Supplies;Ballpoint Pen Pack 12;5;902;15;3833;177;34;Credit Card;3833,5;;;
ORD-10167;05/05/2024;Amina Harris;Corporate;Australia;Asia Pacific;Office Supplies;Paper Clips Box 500pc;3;566;10;1528;1207;-443;PayPal;1528,2;;;
ORD-10316;27/10/2023;Fatima Kim;Corporate;Germany;Europe;Office Supplies;Highlighters Neon Pack 6;1;1339;15;1138;796;-261;Credit Card;1138,15;;;
ORD-10122;22/05/2025;William Khan;Corporate;Spain;Europe;Technology;Wireless Ergonomic Mouse;1;3758;20;3006;821;118;Cash on Delivery;3006,4;;;
ORD-10855;19/02/2023;Felix Johansson;Consumer;Canada;North America;Office Supplies;Sticky Notes Multicolor 6-Pack;5;437;15;1857;1128;-254;PayPal;1857,25;;;
ORD-10624;11/12/2024;Jennifer Zhang;Consumer;Australia;Asia Pacific;Office Supplies;Paper Clips Box 500pc;6;574;15;2927;1698;-321;Credit Card;2927,4;;;
ORD-10040;27/03/2024;Ava Clark;Corporate;Nigeria;Middle East & Africa;Technology;Wireless Ergonomic Mouse;2;2145;15;3646;1362;-76;Credit Card;3646,5;;;
ORD-11123;01/12/2025;Emma Laurent;Consumer;South Korea;Asia Pacific;Office Supplies;Stapler Full-Size;1;1712;15;1455;1037;-352;Credit Card;1455,2;;;
ORD-11789;25/11/2023;Jessica Hassan;Corporate;Italy;Europe;Office Supplies;Desk Calendar 2025;1;1528;10;1375;942;-255;Bank Transfer;1375,2;;;
ORD-10342;30/04/2024;Lucas Russo;Home Office;Canada;North America;Technology;Tablet Stand Holder;1;2872;5;2728;634;514;Bank Transfer;2728,4;;;
ORD-11353;30/12/2025;Hanna Leroy;Consumer;Australia;Asia Pacific;Office Supplies;Stapler Full-Size;1;1508;10;1357;1107;-429;PayPal;1357,2;;;
ORD-10256;11/02/2023;Michael Zhang;Consumer;Canada;North America;Office Supplies;Paper Clips Box 500pc;3;496;10;1339;709;-4;Cash on Delivery;1339,2;;;
ORD-11434;14/04/2024;Clara Singh;Consumer;Australia;Asia Pacific;Office Supplies;Highlighters Neon Pack 6;2;1057;5;2008;1111;-54;PayPal;2008,3;;;
ORD-10511;14/07/2023;Clara Nilsson;Consumer;Japan;Asia Pacific;Office Supplies;Paper Clips Box 500pc;5;347;5;1648;136;-493;Bank Transfer;1648,25;;;
ORD-10392;23/02/2023;Priya Martinez;Corporate;United States;North America;Office Supplies;Paper Clips Box 500pc;4;724;10;2606;885;418;Credit Card;2606,4;;;
ORD-10568;14/10/2023;Ethan Clark;Consumer;South Korea;Asia Pacific;Office Supplies;Tape Dispenser Heavy Duty;1;2054;5;1951;989;38;Bank Transfer;1951,3;;;
ORD-11906;05/09/2023;Amina Johansson;Consumer;United Kingdom;Europe;Clothing & Accessories;Sports Water Bottle 750ml;2;1443;10;2597;992;162;PayPal;2597,4;;;
ORD-10842;06/08/2023;Hans Anderson;Consumer;Colombia;South America;Clothing & Accessories;Canvas Messenger Bag;1;3417;15;2904;1201;-6;Credit Card;2904,45;;;
ORD-10008;06/07/2023;Lucas White;Home Office;Canada;North America;Office Supplies;Ballpoint Pen Pack 12;1;699;10;629;669;-355;Credit Card;629,1;;;
ORD-10190;28/11/2025;Olga Miller;Consumer;Mexico;North America;Office Supplies;Stapler Full-Size;2;987;5;1875;872;115;PayPal;1875,3;;;
ORD-10141;22/09/2024;Mia Ali;Corporate;Colombia;South America;Office Supplies;Premium Notebook Set A5;2;1815;15;3085;1489;-38;PayPal;3085,5;;;
ORD-10287;26/08/2025;Hans Oliveira;Consumer;South Korea;Asia Pacific;Office Supplies;Whiteboard Markers Set 8;1;1745;15;1483;994;-296;Credit Card;1483,25;;;
ORD-11050;08/06/2025;Christopher Khan;Home Office;United Kingdom;Europe;Office Supplies;Binder Clips Assorted 48pc;4;696;15;2366;1415;-302;Credit Card;2366,4;;;
ORD-11998;18/12/2023;Zara Smith;Corporate;United States;North America;Office Supplies;Paper Clips Box 500pc;4;366;20;1171;1372;-86;Credit Card;1171,2;;;
ORD-11461;09/09/2023;Marco Sato;Consumer;Mexico;North America;Office Supplies;Binder Clips Assorted 48pc;2;1362;15;2315;775;314;PayPal;2315,4;;;
ORD-10161;03/07/2025;Robert Harris;Consumer;United States;North America;Office Supplies;Premium Notebook Set A5;1;1216;5;1155;658;-5;Bank Transfer;1155,2;;;
ORD-11533;06/09/2023;Jamal Clark;Consumer;South Africa;Middle East & Africa;Technology;Smart LED Desk Lamp;1;2711;5;2575;1315;-231;Bank Transfer;2575,45;;;
ORD-10201;29/08/2023;Ayumi Martin;Consumer;Nigeria;Middle East & Africa;Office Supplies;Sticky Notes Multicolor 6-Pack;5;631;10;2839;2211;-792;PayPal;2839,5;;;
ORD-10723;16/12/2025;Hanna Martinez;Corporate;Germany;Europe;Office Supplies;Paper Clips Box 500pc;4;629;10;2264;1416;-284;Credit Card;2264,4;;;
ORD-10973;08/01/2025;Richard Rossi;Consumer;Brazil;South America;Office Supplies;Stapler Full-Size;2;1248;10;2246;1239;-116;Bank Transfer;2246,4;;;
ORD-11845;09/03/2025;Maria Müller;Corporate;United States;North America;Office Supplies;Whiteboard Markers Set 8;1;1248;10;1123;552;9;Credit Card;1123,2;;;
ORD-11398;21/07/2024;Mary Rodriguez;Consumer;United States;North America;Clothing & Accessories;Leather Belt Classic;1;2376;10;2138;65;30;Cash on Delivery;2138,4;;;
ORD-10560;14/01/2023;Sarah Davis;Home Office;Italy;Europe;Clothing & Accessories;Wool Blend Scarf;1;279;5;265;893;362;PayPal;265,05;;;
ORD-11033;19/01/2024;Yuki Chen;Consumer;China;Asia Pacific;Office Supplies;Sticky Notes Multicolor 6-Pack;4;579;10;2084;1581;-539;PayPal;2084,4;;;
ORD-10874;10/03/2023;Mia Martin;Corporate;Canada;North America;Office Supplies;Binder Clips Assorted 48pc;4;548;5;2082;120;-104;Cash on Delivery;2082,4;;;
ORD-11161;03/09/2023;Yuki Zhang;Consumer;United States;North America;Clothing & Accessories;Silk Tie Collection;1;1703;25;1277;699;-274;Bank Transfer;1277,25;;;
ORD-11726;08/08/2024;Raj Patel;Corporate;Canada;North America;Office Supplies;Stapler Full-Size;2;1066;5;2025;806;26;Credit Card;2025,4;;;
ORD-10143;08/05/2023;Wei Sato;Corporate;Australia;Asia Pacific;Office Supplies;Tape Dispenser Heavy Duty;2;1152;15;1958;121;-289;Credit Card;1958,4;;;
ORD-10747;29/06/2023;Olga Patel;Consumer;Japan;Asia Pacific;Clothing & Accessories;Cotton Formal Shirt;1;2448;20;1958;971;-237;Bank Transfer;1958,4;;;
ORD-10900;14/05/2024;Olga Thompson;Consumer;Spain;Europe;Clothing & Accessories;Sports Water Bottle 750ml;1;2052;5;1949;758;165;PayPal;1949,4;;;
ORD-11842;14/10/2025;Olivia Anderson;Home Office;Mexico;North America;Office Supplies;Ballpoint Pen Pack 12;4;503;5;1911;1277;-271;Credit Card;1911,4;;;
ORD-10151;17/11/2024;Joseph Ali;Consumer;France;Europe;Office Supplies;Stapler Full-Size;1;1577;10;1419;878;-169;PayPal;1419,3;;;
ORD-11514;10/12/2024;Ivan Park;Consumer;China;Asia Pacific;Office Supplies;Whiteboard Markers Set 8;1;1487;10;1338;1011;-342;PayPal;1338,3;;;
ORD-10905;07/03/2025;Chen Romano;Consumer;South Korea;Asia Pacific;Office Supplies;Whiteboard Markers Set 8;2;1145;5;2175;1185;-4;Bank Transfer;2175,5;;;
ORD-10758;14/11/2025;Jessica Thomas;Corporate;Spain;Europe;Office Supplies;Sticky Notes Multicolor 6-Pack;1;1354;5;1286;816;-139;Credit Card;1286,3;;;
ORD-10755;31/07/2023;William Martinez;Corporate;South Korea;Asia Pacific;Technology;Tablet Stand Holder;1;1991;5;1891;986;-19;Credit Card;1891,45;;;
ORD-10524;25/11/2023;Oscar Costa;Consumer;United Kingdom;Europe;Office Supplies;Tape Dispenser Heavy Duty;2;913;10;1643;1019;-198;Credit Card;1643,4;;;
ORD-10834;30/06/2025;Chen Khan;Corporate;United States;North America;Office Supplies;Binder Clips Assorted 48pc;2;898;10;1616;966;-158;PayPal;1616,4;;;
ORD-11644;11/09/2024;Joseph Romano;Consumer;Brazil;South America;Office Supplies;Highlighters Neon Pack 6;2;893;10;1607;1432;-629;Credit Card;1607,4;;;
ORD-10386;19/09/2025;Amir Dubois;Home Office;Canada;North America;Clothing & Accessories;Sports Water Bottle 750ml;1;994;20;795;662;-364;Bank Transfer;795,2;;;
ORD-10385;09/07/2024;Michael Schmidt;Corporate;Canada;North America;Office Supplies;Whiteboard Markers Set 8;1;1983;20;1586;68;14;Credit Card;1586,4;;;
ORD-10476;13/01/2024;Jennifer Khan;Corporate;France;Europe;Office Supplies;Whiteboard Markers Set 8;1;2165;10;1948;945;29;PayPal;1948,5;;;
ORD-10917;17/08/2023;Kenji Suzuki;Corporate;Canada;North America;Office Supplies;Whiteboard Markers Set 8;2;1261;25;1891;918;-162;Credit Card;1891,5;;;
ORD-10262;17/09/2024;Carlos Ferrari;Home Office;Mexico;North America;Office Supplies;Paper Clips Box 500pc;2;597;5;1134;701;-104;PayPal;1134,3;;;
ORD-10978;23/11/2023;Diego Hassan;Consumer;France;Europe;Clothing & Accessories;Wool Blend Scarf;1;1572;5;1493;851;-144;PayPal;1493,4;;;
ORD-10647;26/02/2025;Ahmed Smith;Consumer;Mexico;North America;Office Supplies;Ballpoint Pen Pack 12;1;1174;5;1115;716;-129;Credit Card;1115,3;;;
ORD-11588;01/06/2024;Joseph Martinez;Consumer;Australia;Asia Pacific;Office Supplies;Whiteboard Markers Set 8;2;862;15;1465;1007;-318;Credit Card;1465,4;;;
ORD-10049;09/05/2024;Priya Leroy;Consumer;Brazil;South America;Office Supplies;Highlighters Neon Pack 6;1;955;5;907;1192;-715;PayPal;907,25;;;
ORD-10928;03/02/2024;Olga Pereira;Home Office;Australia;Asia Pacific;Office Supplies;Highlighters Neon Pack 6;1;1392;5;1322;1004;-308;PayPal;1322,4;;;
ORD-11286;23/12/2025;Robert Sato;Consumer;Canada;North America;Office Supplies;Ballpoint Pen Pack 12;2;945;15;1606;931;-176;PayPal;1606,5;;;
ORD-10692;12/05/2025;Sakura Davis;Consumer;Canada;North America;Office Supplies;Premium Notebook Set A5;1;1073;5;1019;683;-147;Credit Card;1019,35;;;
ORD-11022;22/06/2025;Amina Anderson;Corporate;India;Asia Pacific;Office Supplies;Desk Calendar 2025;1;1226;10;1103;1084;-533;Credit Card;1103,4;;;
ORD-10762;29/05/2025;Ava Yamamoto;Consumer;Canada;North America;Office Supplies;Whiteboard Markers Set 8;1;993;5;943;579;-83;Credit Card;943,35;;;
ORD-11586;04/05/2023;Jamal Schmidt;Home Office;South Korea;Asia Pacific;Office Supplies;Whiteboard Markers Set 8;2;624;20;998;1323;-887;Credit Card;998,4;;;
ORD-11779;07/12/2025;Richard Martinez;Home Office;South Korea;Asia Pacific;Office Supplies;Ballpoint Pen Pack 12;1;1164;15;989;108;-615;PayPal;989,4;;;
ORD-11934;28/07/2023;Robert Park;Consumer;United States;North America;Office Supplies;Desk Calendar 2025;1;1076;10;968;628;-144;PayPal;968,4;;;
ORD-11694;11/02/2025;Chen Rossi;Corporate;Canada;North America;Office Supplies;Stapler Full-Size;1;1554;25;1165;671;-205;Cash on Delivery;1165,5;;;
ORD-10872;04/09/2023;Olga Leroy;Consumer;India;Asia Pacific;Office Supplies;Binder Clips Assorted 48pc;1;1217;15;1034;1121;-635;Bank Transfer;1034,45;;;
ORD-10702;19/01/2025;Marco Kim;Home Office;Argentina;South America;Office Supplies;Binder Clips Assorted 48pc;2;574;20;918;1302;-901;Credit Card;918,4;;;
ORD-11344;08/04/2024;Amir Wang;Consumer;United States;North America;Office Supplies;Desk Calendar 2025;1;133;15;113;58;-48;Credit Card;113,05;;;
ORD-11832;07/10/2025;Giulia Garcia;Corporate;Argentina;South America;Office Supplies;Premium Notebook Set A5;1;926;10;833;1071;-655;Credit Card;833,4;;;
ORD-10128;23/09/2023;Lucas Leroy;Corporate;Spain;Europe;Office Supplies;Ballpoint Pen Pack 12;2;585;15;994;991;-524;PayPal;994,5;;;
ORD-11492;06/11/2025;Hans Wang;Corporate;Mexico;North America;Office Supplies;Sticky Notes Multicolor 6-Pack;1;784;15;666;696;-383;Credit Card;666,4;;;
ORD-10341;04/09/2023;Ethan Yamamoto;Home Office;Australia;Asia Pacific;Office Supplies;Highlighters Neon Pack 6;1;716;10;644;1026;-704;Credit Card;644,4;;;
ORD-10379;30/03/2024;Felix Müller;Corporate;Japan;Asia Pacific;Office Supplies;Desk Calendar 2025;1;785;10;706;96;-607;Credit Card;706,5;;;
ORD-10882;15/06/2024;Yuki Thompson;Home Office;Canada;North America;Office Supplies;Paper Clips Box 500pc;2;365;5;693;909;-545;PayPal;693,5;;;
ORD-10239;28/11/2024;James Ali;Home Office;United States;North America;Office Supplies;Whiteboard Markers Set 8;1;695;10;625;578;-266;Credit Card;625,5;;;
ORD-11001;20/02/2025;Isabella Jackson;Corporate;Japan;Asia Pacific;Office Supplies;Paper Clips Box 500pc;1;303;20;242;1116;-101;Cash on Delivery;242,4;;;
ORD-10274;09/04/2023;Michael Ferrari;Home Office;Japan;Asia Pacific;Office Supplies;Binder Clips Assorted 48pc;1;989;5;94;109;-595;Credit Card;939,55;;;
ORD-11352;04/07/2024;Ayumi Moreau;Consumer;Spain;Europe;Office Supplies;Highlighters Neon Pack 6;4;442;5;168;1349;-465;Credit Card;1679,6;;;
ORD-11445;26/11/2024;Ava Rodriguez;Corporate;France;Europe;Office Supplies;Premium Notebook Set A5;2;1105;5;210;864;241;PayPal;2099,5;;;
ORD-11816;24/06/2024;Omar Russo;Consumer;China;Asia Pacific;Office Supplies;Binder Clips Assorted 48pc;2;972;10;175;1292;-417;PayPal;1749,6;;;
ORD-10537;10/03/2024;Maria Costa;Consumer;France;Europe;Clothing & Accessories;Sports Water Bottle 750ml;1;2487;20;199;799;-53;PayPal;1989,6;;;
ORD-11623;19/10/2024;Ivan Romano;Consumer;China;Asia Pacific;Office Supplies;Stapler Full-Size;1;1733;25;130;1128;-608;Credit Card;1299,75;;;
ORD-11227;17/05/2023;Nadia Brown;Home Office;South Korea;Asia Pacific;Office Supplies;Paper Clips Box 500pc;9;316;10;256;1823;-543;Cash on Delivery;2559,6;;;
ORD-11210;20/10/2023;Susan Weber;Corporate;Spain;Europe;Office Supplies;Tape Dispenser Heavy Duty;2;2213;25;332;846;482;Credit Card;3319,5;;;
ORD-11527;14/07/2025;Elizabeth Santos;Consumer;Germany;Europe;Clothing & Accessories;Leather Wallet Minimalist;2;1572;10;283;92;338;Cash on Delivery;2829,6;;;
ORD-10809;18/10/2025;William Rodriguez;Corporate;United States;North America;Technology;Tablet Stand Holder;1;3662;20;293;608;308;Bank Transfer;2929,6;;;
ORD-10932;20/11/2023;Karen Khan;Consumer;China;Asia Pacific;Office Supplies;Desk Calendar 2025;3;1056;5;301;1407;177;PayPal;3009,6;;;
ORD-11276;14/12/2024;Barbara Johnson;Corporate;China;Asia Pacific;Office Supplies;Ballpoint Pen Pack 12;3;894;15;228;1491;-418;Credit Card;2279,7;;;
ORD-11100;06/07/2023;Nadia Jackson;Corporate;United States;North America;Office Supplies;Stapler Full-Size;2;1972;10;355;638;1137;Bank Transfer;3549,6;;;
ORD-11732;07/02/2025;Emma Clark;Consumer;Mexico;North America;Office Supplies;Whiteboard Markers Set 8;4;942;5;358;1451;433;Cash on Delivery;3579,6;;;
ORD-11885;11/10/2023;Kenji Romano;Corporate;Canada;North America;Technology;Tablet Stand Holder;2;1941;15;330;748;417;Credit Card;3299,7;;;
ORD-11238;25/03/2025;Carlos Jones;Home Office;Mexico;North America;Office Supplies;Premium Notebook Set A5;3;1748;10;472;791;1569;PayPal;4719,6;;;
ORD-11393;09/12/2023;Liam Rossi;Corporate;Australia;Asia Pacific;Office Supplies;Ballpoint Pen Pack 12;3;996;15;254;150;-305;Bank Transfer;2539,8;;;
ORD-11856;04/04/2025;Kenji Martin;Home Office;Colombia;South America;Office Supplies;Premium Notebook Set A5;2;1342;5;255;1238;104;PayPal;2549,8;;;
ORD-11168;21/12/2025;Pierre Robinson;Consumer;Mexico;North America;Clothing & Accessories;Leather Wallet Minimalist;1;6387;20;511;615;1302;PayPal;5109,6;;;
ORD-10320;31/08/2023;Priya Jackson;Consumer;Mexico;North America;Office Supplies;Binder Clips Assorted 48pc;4;1392;5;529;1083;1701;Credit Card;5289,6;;;
ORD-10046;29/11/2024;Ethan Moreau;Consumer;Spain;Europe;Technology;Smart LED Desk Lamp;1;6612;20;529;877;776;Bank Transfer;5289,6;;;
ORD-11989;13/05/2025;Fatima Davis;Consumer;Saudi Arabia;Middle East & Africa;Clothing & Accessories;Silk Tie Collection;4;1492;5;567;1514;1172;Credit Card;5669,6;;;
ORD-11744;14/02/2025;Kenji Smith;Consumer;Germany;Europe;Furniture;Desk Organizer Set;3;2263;5;645;1228;1149;Credit Card;6449,55;;;
ORD-10590;28/07/2024;Hans White;Home Office;Brazil;South America;Furniture;Folding Table Portable;1;5882;15;500;1129;342;Cash on Delivery;4999,7;;;
ORD-10251;25/10/2025;Pierre Fischer;Consumer;United Kingdom;Europe;Office Supplies;Tape Dispenser Heavy Duty;4;2161;10;778;996;2894;Bank Transfer;7779,6;;;
ORD-11113;28/11/2024;Oscar Anderson;Corporate;United Kingdom;Europe;Clothing & Accessories;Cotton Formal Shirt;2;5022;10;904;949;3069;Credit Card;9039,6;;;
ORD-11692;19/12/2025;Ingrid Suzuki;Consumer;Italy;Europe;Furniture;Folding Table Portable;2;4663;5;886;1127;2137;Cash on Delivery;8859,7;;;
ORD-10056;06/05/2024;Wei Patel;Consumer;China;Asia Pacific;Technology;Laptop Stand Adjustable;2;3361;10;605;1188;1165;Credit Card;6049,8;;;
ORD-10258;29/09/2024;Mia Santos;Consumer;Japan;Asia Pacific;Office Supplies;Binder Clips Assorted 48pc;6;649;15;331;1235;323;Credit Card;3309,9;;;
ORD-11871;24/04/2024;Ethan Li;Home Office;Mexico;North America;Technology;Smart LED Desk Lamp;3;5754;20;1381;971;3345;Credit Card;13809,6;;;
ORD-10343;26/09/2023;Lucas Oliveira;Consumer;Spain;Europe;Clothing & Accessories;Silk Tie Collection;4;4294;15;1460;1344;4668;Cash on Delivery;14599,6;;;
ORD-10195;29/09/2025;Maria Ahmed;Consumer;France;Europe;Furniture;Desk Organizer Set;4;4186;10;1507;1178;3846;Bank Transfer;15069,6;;;
ORD-10909;25/07/2024;Clara Leroy;Consumer;Australia;Asia Pacific;Furniture;Desk Organizer Set;4;4336;10;1561;1606;3598;PayPal;15609,6;;;
ORD-10231;25/09/2023;Sarah Davis;Consumer;Saudi Arabia;Middle East & Africa;Technology;Smart LED Desk Lamp;4;4361;10;1570;1766;434;Credit Card;15699,6;;;
ORD-11190;12/04/2025;Jennifer Leroy;Corporate;Japan;Asia Pacific;Technology;Smart LED Desk Lamp;4;5511;10;1984;1384;6332;Cash on Delivery;19839,6;;;
ORD-10327;06/12/2025;Oscar Martin;Consumer;Japan;Asia Pacific;Technology;Wireless Bluetooth Headphones;1;12188;15;1036;1032;2625;Credit Card;10359,8;;;
ORD-11476;16/12/2024;Ava Rossi;Consumer;Italy;Europe;Furniture;Bookshelf 5-Tier;1;17333;10;1560;865;4335;Cash on Delivery;15599,7;;;
ORD-11298;15/05/2023;Raj Rossi;Consumer;Mexico;North America;Furniture;Bookshelf 5-Tier;4;6592;5;2505;1346;7883;Credit Card;25049,6;;;
ORD-10303;18/11/2025;Diego Williams;Consumer;India;Asia Pacific;Technology;Laptop Stand Adjustable;9;3421;5;2925;1363;10953;Credit Card;29249,55;;;
ORD-11313;11/06/2025;Clara Moreau;Corporate;United States;North America;Technology;Portable External SSD 1TB;1;9557;30;669;655;779;PayPal;6689,9;;;
ORD-11909;10/08/2023;Ivan Davis;Corporate;Australia;Asia Pacific;Furniture;Folding Table Portable;5;7911;10;3560;1605;10262;Credit Card;35599,5;;;
ORD-10079;19/02/2025;Jessica Schmidt;Consumer;India;Asia Pacific;Clothing & Accessories;Cotton Formal Shirt;3;5374;10;1451;1616;4833;Credit Card;14509,8;;;
ORD-11488;28/11/2023;Pierre Leroy;Corporate;Colombia;South America;Clothing & Accessories;Travel Backpack 30L;5;4367;15;1856;1312;633;PayPal;18559,75;;;
ORD-11282;21/01/2025;Amir Rodriguez;Consumer;Saudi Arabia;Middle East & Africa;Furniture;Mesh Back Task Chair;1;26633;10;2397;1281;6709;Bank Transfer;23969,7;;;
ORD-10044;02/12/2023;Fatima Ferrari;Corporate;Japan;Asia Pacific;Clothing & Accessories;Cotton Formal Shirt;8;4893;10;3523;2753;12905;Credit Card;35229,6;;;
ORD-11650;18/05/2024;Mary Garcia;Home Office;United States;North America;Clothing & Accessories;Cotton Formal Shirt;3;3437;10;928;1123;3002;PayPal;9279,9;;;
ORD-11170;27/10/2024;Ava Miller;Consumer;China;Asia Pacific;Technology;Webcam HD 1080p;5;5141;5;2442;1643;8639;PayPal;24419,75;;;
ORD-10488;09/12/2023;Elizabeth Dubois;Consumer;Japan;Asia Pacific;Furniture;Desk Organizer Set;4;5221;5;1984;1648;5662;PayPal;19839,8;;;
ORD-10947;03/03/2024;Kenji Davis;Home Office;Italy;Europe;Furniture;Mesh Back Task Chair;5;13171;10;5927;1075;18682;Cash on Delivery;59269,5;;;
ORD-11736;04/06/2025;Richard Rossi;Consumer;Canada;North America;Furniture;Filing Cabinet 3-Drawer;6;11224;10;6061;1524;1868;PayPal;60609,6;;;
ORD-11914;27/03/2024;Xiao Ali;Corporate;Saudi Arabia;Middle East & Africa;Furniture;Filing Cabinet 3-Drawer;7;14089;15;8383;1601;23055;PayPal;83829,55;;;
ORD-11981;01/04/2024;Fatima Fischer;Home Office;Spain;Europe;Technology;Wireless Bluetooth Headphones;1;23111;10;2080;887;7202;PayPal;20799,9;;;
ORD-10931;21/09/2024;Maria Thomas;Corporate;China;Asia Pacific;Furniture;Desk Organizer Set;3;4949;15;1262;1607;2105;Credit Card;12619,95;;;
ORD-11686;02/06/2024;Li Khan;Home Office;Germany;Europe;Furniture;Floating Wall Shelves Set;7;7763;15;4619;1164;12421;Credit Card;46189,85;;;
ORD-10638;09/11/2024;Hanna Sharma;Home Office;China;Asia Pacific;Furniture;Filing Cabinet 3-Drawer;8;17168;10;12361;1697;39507;PayPal;123609,6;;;
ORD-11889;01/12/2025;Mary Yamamoto;Consumer;China;Asia Pacific;Furniture;Ergonomic Office Chair;12;18949;15;19328;3481;53366;Credit Card;193279,8;;;
ORD-11242;18/12/2024;Clara Müller;Consumer;Mexico;North America;Furniture;Mesh Back Task Chair;10;25385;0;25385;2256;99284;Cash on Delivery;253850;;;
ORD-11758;22/11/2024;Priya Smith;Consumer;Italy;Europe;Furniture;Mesh Back Task Chair;6;25975;0;15585;1069;61271;Credit Card;155850;;;
ORD-11540;18/04/2025;Noah Moreau;Home Office;India;Asia Pacific;Clothing & Accessories;Business Casual Blazer;10;14728;0;14728;2739;70901;PayPal;147280;;;
ORD-11626;09/05/2024;Kenji Anderson;Corporate;Australia;Asia Pacific;Clothing & Accessories;Business Casual Blazer;10;9939;0;9939;2195;4750;Cash on Delivery;99390;;;
ORD-11905;24/08/2025;Xiao Santos;Consumer;Colombia;South America;Technology;Wireless Bluetooth Headphones;5;17598;0;8799;2115;3748;Bank Transfer;87990;;;
ORD-10221;24/08/2025;James Williams;Home Office;United States;North America;Furniture;Bookshelf 5-Tier;10;8505;0;8505;2606;31414;Bank Transfer;85050;;;
ORD-11007;26/03/2023;Olga Russo;Consumer;Australia;Asia Pacific;Furniture;Filing Cabinet 3-Drawer;4;21065;0;8426;1111;32593;Credit Card;84260;;;
ORD-11668;10/03/2023;Robert Robinson;Home Office;Italy;Europe;Technology;Mechanical Gaming Keyboard;8;10775;10;7758;1493;28677;Credit Card;77580;;;
ORD-10210;28/09/2023;Mary Smith;Corporate;Nigeria;Middle East & Africa;Furniture;Filing Cabinet 3-Drawer;5;14512;0;7256;1663;27361;Cash on Delivery;72560;;;
ORD-11729;16/05/2025;Oscar Miller;Home Office;South Africa;Middle East & Africa;Technology;Wireless Bluetooth Headphones;6;10575;0;6345;1906;26646;Cash on Delivery;63450;;;
ORD-11969;31/03/2024;Nadia Laurent;Consumer;Australia;Asia Pacific;Technology;Noise Cancelling Earbuds;4;13045;0;5218;1851;2163;PayPal;52180;;;
ORD-10621;31/10/2024;David Schmidt;Consumer;Germany;Europe;Clothing & Accessories;Polarized Sunglasses;12;4225;0;5070;2304;23046;Bank Transfer;50700;;;
ORD-11133;12/06/2023;Wei Harris;Consumer;Japan;Asia Pacific;Technology;Laptop Stand Adjustable;15;3312;0;4968;3818;18538;Credit Card;49680;;;
ORD-10589;20/01/2023;Mary Davis;Consumer;Argentina;South America;Technology;Portable External SSD 1TB;4;12125;0;4850;1853;19972;PayPal;48500;;;
ORD-10584;28/05/2024;Fatima Smith;Consumer;Argentina;South America;Clothing & Accessories;Polarized Sunglasses;6;7995;0;4797;2309;21676;Credit Card;47970;;;
ORD-11815;04/06/2024;Joseph Johansson;Consumer;Mexico;North America;Furniture;Mesh Back Task Chair;2;23265;0;4653;674;17938;Credit Card;46530;;;
ORD-11125;01/11/2025;Sophie Schmidt;Home Office;Colombia;South America;Furniture;Mesh Back Task Chair;2;17805;0;3561;1165;13079;PayPal;35610;;;
ORD-10215;18/01/2025;Liam Rodriguez;Consumer;Nigeria;Middle East & Africa;Technology;Wireless Ergonomic Mouse;5;6772;0;3386;1418;13819;Credit Card;33860;;;
ORD-10180;12/11/2023;Zara Nilsson;Consumer;Canada;North America;Furniture;Bookshelf 5-Tier;2;16355;0;3271;602;12482;Credit Card;32710;;;
ORD-11735;12/05/2024;James Ahmed;Corporate;United States;North America;Clothing & Accessories;Leather Wallet Minimalist;5;5738;0;2869;1015;1333;Cash on Delivery;28690;;;
ORD-10484;10/09/2024;Maria Costa;Consumer;Japan;Asia Pacific;Clothing & Accessories;Canvas Messenger Bag;5;5712;0;2856;1941;12339;Credit Card;28560;;;
ORD-11245;20/10/2023;Nadia Tanaka;Corporate;Italy;Europe;Technology;Noise Cancelling Earbuds;5;6815;20;2726;1218;7301;Credit Card;27260;;;
ORD-11009;18/12/2025;Kenji Johnson;Home Office;United States;North America;Technology;USB-C Hub Multiport Adapter;10;2645;0;2645;237;9532;PayPal;26450;;;
ORD-10022;26/01/2025;Giulia Rodriguez;Home Office;Saudi Arabia;Middle East & Africa;Furniture;Floating Wall Shelves Set;4;7925;20;2536;1823;4517;Credit Card;25360;;;
ORD-10486;01/09/2025;Lucas Romano;Consumer;France;Europe;Clothing & Accessories;Cotton Formal Shirt;5;3866;0;1933;121;8455;PayPal;19330;;;
ORD-10067;22/01/2024;Noah Leroy;Corporate;France;Europe;Technology;Smart LED Desk Lamp;5;3668;0;1834;1695;6558;Bank Transfer;18340;;;
ORD-11581;04/04/2024;Mia Smith;Consumer;France;Europe;Clothing & Accessories;Canvas Messenger Bag;5;4528;25;1698;1255;4405;Credit Card;16980;;;
ORD-11360;14/10/2025;Thomas Smith;Home Office;Canada;North America;Clothing & Accessories;Travel Backpack 30L;5;3144;0;1572;1149;6711;Cash on Delivery;15720;;;
ORD-10518;04/12/2025;Sarah Harris;Consumer;Japan;Asia Pacific;Office Supplies;Stapler Full-Size;8;1935;0;1548;2715;5799;Credit Card;15480;;;
ORD-10149;25/12/2023;Barbara Sharma;Corporate;United Kingdom;Europe;Furniture;Bookshelf 5-Tier;1;19075;20;1526;908;2907;Credit Card;15260;;;
ORD-11030;07/09/2023;Chen Patel;Home Office;Japan;Asia Pacific;Technology;USB-C Hub Multiport Adapter;5;2898;0;1449;1242;5278;Cash on Delivery;14490;;;
ORD-10096;15/12/2025;Olga Davis;Consumer;Australia;Asia Pacific;Office Supplies;Premium Notebook Set A5;12;1175;0;1410;1991;5764;Cash on Delivery;14100;;;
ORD-11513;20/05/2023;Sophie Yamamoto;Consumer;United States;North America;Clothing & Accessories;Leather Wallet Minimalist;5;2684;0;1342;172;499;PayPal;13420;;;
ORD-10498;22/01/2024;Kenji White;Corporate;Canada;North America;Clothing & Accessories;Leather Wallet Minimalist;2;6195;0;1239;87;5325;PayPal;12390;;;
ORD-10019;26/10/2025;Linda Zhang;Consumer;Canada;North America;Clothing & Accessories;Sports Water Bottle 750ml;10;1146;0;1146;1372;4358;PayPal;11460;;;
ORD-11688;29/06/2024;Hans Schmidt;Consumer;Mexico;North America;Office Supplies;Binder Clips Assorted 48pc;8;1405;0;1124;1876;4306;PayPal;11240;;;
ORD-11395;16/07/2023;Priya Ali;Home Office;United Kingdom;Europe;Clothing & Accessories;Leather Belt Classic;5;2172;0;1086;1004;4426;PayPal;10860;;;
ORD-11296;07/11/2024;Linda Thompson;Consumer;France;Europe;Office Supplies;Premium Notebook Set A5;5;2084;0;1042;1539;4192;PayPal;10420;;;
ORD-11882;16/06/2024;Liam Kim;Consumer;Italy;Europe;Furniture;Floating Wall Shelves Set;2;5055;0;1011;1126;2918;PayPal;10110;;;
ORD-11510;01/01/2024;Olga Pereira;Consumer;Italy;Europe;Clothing & Accessories;Cotton Formal Shirt;2;5045;0;1009;1054;3991;PayPal;10090;;;
ORD-10521;13/03/2023;Mia Santos;Consumer;South Korea;Asia Pacific;Office Supplies;Premium Notebook Set A5;5;1974;0;987;1703;3726;Credit Card;9870;;;
ORD-10276;07/12/2025;Susan Weber;Consumer;Canada;North America;Clothing & Accessories;Wool Blend Scarf;2;4665;0;933;799;3866;Credit Card;9330;;;
ORD-10358;14/06/2023;Isabella Ahmed;Consumer;India;Asia Pacific;Clothing & Accessories;Leather Belt Classic;5;1724;0;862;162;269;Credit Card;8620;;;
ORD-11415;26/06/2024;Nadia Davis;Home Office;Mexico;North America;Office Supplies;Stapler Full-Size;5;954;0;477;1165;1459;Credit Card;4770;;;
ORD-10051;30/01/2024;Chen Thompson;Consumer;Mexico;North America;Office Supplies;Desk Calendar 2025;5;868;0;434;134;1047;Bank Transfer;4340;;;
ORD-11411;03/07/2024;Raj Weber;Consumer;Spain;Europe;Office Supplies;Whiteboard Markers Set 8;2;2115;0;423;948;1378;PayPal;4230;;;
ORD-10655;24/01/2025;Patricia Ferrari;Consumer;Germany;Europe;Office Supplies;Highlighters Neon Pack 6;4;915;0;366;141;603;Cash on Delivery;3660;;;
ORD-11483;01/09/2023;Clara Robinson;Home Office;France;Europe;Office Supplies;Desk Calendar 2025;4;905;0;362;1013;978;Cash on Delivery;3620;;;
ORD-11716;31/10/2024;Barbara Moreau;Home Office;South Africa;Middle East & Africa;Office Supplies;Desk Calendar 2025;2;1735;0;347;1415;494;PayPal;3470;;;
ORD-11954;18/05/2025;Kenji Yamamoto;Consumer;Japan;Asia Pacific;Office Supplies;Ballpoint Pen Pack 12;2;1285;0;257;1338;75;Cash on Delivery;2570;;;
ORD-11103;08/06/2023;Nadia Costa;Consumer;United States;North America;Office Supplies;Binder Clips Assorted 48pc;2;685;0;137;741;12;Credit Card;1370;;;
ORD-10253;19/07/2024;David Garcia;Consumer;France;Europe;Furniture;Ergonomic Office Chair;4;42529;5;16161;1236;58304;PayPal;161610,2;;;
ORD-10463;15/04/2024;Ahmed Johansson;Corporate;Brazil;South America;Technology;Noise Cancelling Earbuds;14;11827;10;14902;4044;53908;Credit Card;149020,2;;;
ORD-10200;22/06/2025;Lucas Moreau;Home Office;Mexico;North America;Furniture;Mesh Back Task Chair;6;11151;15;5687;1157;15569;Cash on Delivery;56870,1;;;
ORD-11116;06/06/2025;Mia Brown;Consumer;Colombia;South America;Technology;Portable External SSD 1TB;3;9193;5;2620;171;9322;Cash on Delivery;26200,05;;;
ORD-10598;17/07/2025;Ingrid Pereira;Corporate;Japan;Asia Pacific;Furniture;Mesh Back Task Chair;4;27479;5;10442;185;3662;Bank Transfer;104420,2;;;
ORD-11773;26/10/2025;Christopher White;Corporate;Mexico;North America;Clothing & Accessories;Business Casual Blazer;7;14788;5;9834;1801;44781;PayPal;98340,2;;;
ORD-11983;06/07/2025;Clara Sharma;Consumer;South Africa;Middle East & Africa;Furniture;Floating Wall Shelves Set;6;7593;5;4328;1742;14203;PayPal;43280,1;;;
ORD-10585;20/03/2025;Ahmed Zhang;Corporate;United States;North America;Clothing & Accessories;Sports Water Bottle 750ml;7;2997;5;1993;1557;7884;Bank Transfer;19930,05;;;
ORD-11303;15/06/2024;Ahmed Singh;Corporate;Mexico;North America;Technology;Noise Cancelling Earbuds;5;19099;5;9072;1434;36764;Bank Transfer;90720,25;;;
ORD-10739;27/08/2025;Amir Brown;Home Office;Italy;Europe;Technology;Mechanical Gaming Keyboard;9;16284;10;13190;1636;49658;PayPal;131900,4;;;
ORD-11625;11/02/2024;Jennifer Ali;Corporate;Argentina;South America;Furniture;Corner L-Shaped Desk;8;18057;10;13001;1758;41578;Credit Card;130010,4;;;
ORD-11578;07/05/2025;Sarah Leroy;Corporate;United States;North America;Clothing & Accessories;Leather Belt Classic;11;4645;5;4854;1089;21903;PayPal;48540,25;;;
ORD-11365;09/06/2024;Olga Romano;Consumer;Canada;North America;Clothing & Accessories;Cotton Formal Shirt;3;6386;5;1820;1077;7544;PayPal;18200,1;;;
ORD-11482;16/10/2025;James Williams;Corporate;Mexico;North America;Furniture;Floating Wall Shelves Set;6;6363;10;3436;1731;9722;Cash on Delivery;34360,2;;;
ORD-10114;12/06/2023;Sarah Kim;Corporate;United Kingdom;Europe;Technology;Mechanical Gaming Keyboard;3;15855;15;4043;1167;13102;Credit Card;40430,25;;;
ORD-10374;03/02/2023;Felix Smith;Corporate;Colombia;South America;Clothing & Accessories;Canvas Messenger Bag;12;2543;5;2899;2356;11376;Bank Transfer;28990,2;;;
ORD-10036;23/07/2025;Xiao Brown;Corporate;Brazil;South America;Technology;Wireless Ergonomic Mouse;12;5338;10;5765;388;18539;Cash on Delivery;57650,4;;;
ORD-11178;11/08/2023;William Kim;Consumer;Canada;North America;Furniture;Bookshelf 5-Tier;3;9726;10;2626;1056;7697;Cash on Delivery;26260,2;;;
ORD-11958;23/06/2025;Susan Harris;Consumer;France;Europe;Furniture;Bookshelf 5-Tier;1;14489;10;1304;809;3538;Credit Card;13040,1;;;
ORD-11894;31/08/2025;Elizabeth Miller;Home Office;United States;North America;Furniture;Floating Wall Shelves Set;7;8008;10;5045;1607;15209;Credit Card;50450,4;;;
ORD-11664;13/04/2023;Hans Fischer;Corporate;Canada;North America;Furniture;Mesh Back Task Chair;2;24478;10;4406;982;13704;PayPal;44060,4;;;
ORD-11518;13/09/2023;Ingrid Weber;Corporate;United States;North America;Furniture;Mesh Back Task Chair;5;10746;15;4567;99;12442;PayPal;45670,5;;;
ORD-11484;11/05/2023;Christopher Taylor;Consumer;Canada;North America;Technology;USB-C Hub Multiport Adapter;3;4753;15;1212;718;356;Bank Transfer;12120,15;;;
ORD-10838;09/08/2023;Pierre Wang;Consumer;France;Europe;Clothing & Accessories;Business Casual Blazer;8;4811;20;3079;2557;8989;PayPal;30790,4;;;
ORD-11901;16/01/2025;Emma Müller;Corporate;Germany;Europe;Clothing & Accessories;Travel Backpack 30L;5;8249;10;3712;1232;15266;Credit Card;37120,5;;;
ORD-11838;29/07/2025;Barbara Robinson;Consumer;Mexico;North America;Clothing & Accessories;Canvas Messenger Bag;8;4561;20;2919;102;9926;Cash on Delivery;29190,4;;;
ORD-10806;06/04/2024;Sakura Thomas;Consumer;France;Europe;Technology;USB-C Hub Multiport Adapter;3;3953;15;1008;902;2656;Credit Card;10080,15;;;
ORD-11548;21/04/2024;Fatima Williams;Home Office;United States;North America;Clothing & Accessories;Travel Backpack 30L;4;3279;5;1246;807;5095;Credit Card;12460,2;;;
ORD-10856;30/04/2025;Raj Pereira;Consumer;Mexico;North America;Technology;Noise Cancelling Earbuds;1;13678;10;1231;709;4078;Credit Card;12310,2;;;
ORD-11674;08/11/2025;Mary Fischer;Consumer;Saudi Arabia;Middle East & Africa;Clothing & Accessories;Cotton Formal Shirt;3;5365;5;1529;1346;5897;Credit Card;15290,25;;;
ORD-10266;19/07/2023;Fatima Costa;Corporate;India;Asia Pacific;Furniture;Monitor Riser Wood;3;6489;25;1460;1618;1302;Cash on Delivery;14600,25;;;
ORD-10926;29/09/2023;Priya Garcia;Corporate;Japan;Asia Pacific;Furniture;Ergonomic Office Chair;1;22271;15;1893;1045;4522;Credit Card;18930,35;;;
ORD-10130;27/11/2025;Thomas Suzuki;Corporate;UAE;Middle East & Africa;Technology;USB-C Hub Multiport Adapter;8;2729;5;2074;3016;5716;PayPal;20740,4;;;
ORD-10840;09/04/2023;Priya Park;Consumer;Canada;North America;Office Supplies;Tape Dispenser Heavy Duty;6;1786;5;1018;1187;4171;Credit Card;10180,2;;;
ORD-11164;31/05/2024;Sophie Weber;Consumer;United States;North America;Technology;Wireless Ergonomic Mouse;5;2793;15;1187;1498;2691;PayPal;11870,25;;;
ORD-10950;02/02/2023;William Sharma;Corporate;Italy;Europe;Technology;Webcam HD 1080p;6;3272;5;1865;1011;6841;PayPal;18650,4;;;
ORD-11642;04/08/2023;Wei Li;Corporate;Mexico;North America;Technology;Wireless Bluetooth Headphones;2;15107;25;2266;784;5258;Credit Card;22660,5;;;
ORD-10028;21/08/2025;Ahmed Johansson;Corporate;United Kingdom;Europe;Technology;Wireless Ergonomic Mouse;6;3748;20;1799;1268;4354;PayPal;17990,4;;;
ORD-11273;21/01/2024;Richard Rodriguez;Corporate;United Kingdom;Europe;Clothing & Accessories;Canvas Messenger Bag;3;7446;20;1787;1262;5439;PayPal;17870,4;;;
ORD-10101;08/07/2025;Elizabeth Taylor;Home Office;Australia;Asia Pacific;Office Supplies;Stapler Full-Size;12;1536;5;1751;383;5386;Credit Card;17510,4;;;
ORD-11888;25/04/2023;Christopher Park;Consumer;Germany;Europe;Clothing & Accessories;Canvas Messenger Bag;4;4558;5;1732;122;6984;Bank Transfer;17320,4;;;
ORD-11870;25/09/2024;Isabella Jones;Corporate;Spain;Europe;Technology;Wireless Ergonomic Mouse;4;4897;20;1567;1082;3815;Credit Card;15670,4;;;
ORD-10152;14/01/2024;Ivan Dubois;Consumer;United Kingdom;Europe;Furniture;Filing Cabinet 3-Drawer;2;8116;5;1542;907;4774;Credit Card;15420,4;;;
ORD-11724;14/02/2024;Lucas Rodriguez;Consumer;United States;North America;Furniture;Desk Organizer Set;4;4058;5;1542;1386;4295;PayPal;15420,4;;;
ORD-11203;03/08/2024;Amir Ali;Consumer;India;Asia Pacific;Clothing & Accessories;Travel Backpack 30L;4;3958;5;1504;1102;6022;PayPal;15040,4;;;
ORD-10389;05/11/2024;Ingrid Sato;Consumer;Canada;North America;Furniture;Bookshelf 5-Tier;1;8895;5;845;71;2403;Cash on Delivery;8450,25;;;
ORD-10627;04/08/2025;Oscar Müller;Consumer;United States;North America;Technology;Wireless Ergonomic Mouse;5;3906;15;1660;1147;4711;Credit Card;16600,5;;;
ORD-10455;14/10/2023;Amir Park;Consumer;UAE;Middle East & Africa;Office Supplies;Stapler Full-Size;2;1853;15;315;1509;-27;PayPal;3150,1;;;
ORD-11643;26/09/2023;Xiao Ferrari;Home Office;France;Europe;Technology;Laptop Stand Adjustable;1;5259;15;447;876;702;PayPal;4470,15;;;
ORD-11839;18/02/2025;Li Suzuki;Consumer;Italy;Europe;Furniture;Folding Table Portable;3;4646;20;1115;873;1914;PayPal;11150,4;;;
ORD-11564;01/07/2023;Giulia Johnson;Corporate;Mexico;North America;Clothing & Accessories;Cotton Formal Shirt;3;4859;15;1239;99;4112;Credit Card;12390,45;;;
ORD-10707;26/10/2024;Giulia Li;Consumer;South Africa;Middle East & Africa;Clothing & Accessories;Business Casual Blazer;1;13063;20;1045;1185;2734;Cash on Delivery;10450,4;;;
ORD-11831;14/09/2025;Raj Thompson;Consumer;Argentina;South America;Office Supplies;Sticky Notes Multicolor 6-Pack;2;1453;15;247;1213;-51;Bank Transfer;2470,1;;;
ORD-11057;10/04/2025;Ali Müller;Consumer;South Korea;Asia Pacific;Technology;Laptop Stand Adjustable;5;2729;10;1228;2024;2751;Credit Card;12280,5;;;
ORD-11386;13/05/2025;David Smith;Corporate;United States;North America;Clothing & Accessories;Business Casual Blazer;1;7918;15;673;658;2113;Cash on Delivery;6730,3;;;
ORD-10459;02/08/2023;Noah Russo;Home Office;Japan;Asia Pacific;Office Supplies;Tape Dispenser Heavy Duty;5;1099;5;522;1266;1481;Cash on Delivery;5220,25;;;
ORD-11854;19/07/2025;Richard Sharma;Consumer;Italy;Europe;Technology;USB-C Hub Multiport Adapter;1;4478;10;403;885;682;Cash on Delivery;4030,2;;;
ORD-10375;13/11/2023;Priya Leroy;Corporate;South Korea;Asia Pacific;Technology;Wireless Ergonomic Mouse;1;3778;10;340;1066;256;Credit Card;3400,2;;;
ORD-10474;18/12/2023;Kenji Schmidt;Consumer;Canada;North America;Office Supplies;Sticky Notes Multicolor 6-Pack;10;933;15;793;1095;2636;Credit Card;7930,5;;;
ORD-10417;17/10/2023;Susan Jackson;Corporate;France;Europe;Clothing & Accessories;Canvas Messenger Bag;1;6232;5;592;928;1876;PayPal;5920,4;;;
ORD-11003;18/04/2025;Layla Jackson;Home Office;India;Asia Pacific;Office Supplies;Binder Clips Assorted 48pc;2;1406;15;239;1076;49;Bank Transfer;2390,2;;;
ORD-11862;26/03/2025;Thomas Clark;Consumer;Germany;Europe;Furniture;Desk Organizer Set;2;2919;20;467;1171;-4;Credit Card;4670,4;;;
ORD-10306;04/04/2023;James Sharma;Corporate;Mexico;North America;Office Supplies;Ballpoint Pen Pack 12;3;965;5;275;1062;385;PayPal;2750,25;;;
ORD-10666;14/12/2024;Ahmed Johnson;Corporate;Italy;Europe;Office Supplies;Binder Clips Assorted 48pc;5;579;5;275;1873;-426;Bank Transfer;2750,25;;;
ORD-11094;19/08/2024;Xiao Romano;Corporate;Mexico;North America;Office Supplies;Sticky Notes Multicolor 6-Pack;4;1058;5;402;141;706;Bank Transfer;4020,4;;;
ORD-11131;20/11/2025;Xiao Ferrari;Home Office;Mexico;North America;Technology;Tablet Stand Holder;2;2395;5;455;735;118;Credit Card;4550,5;;;
ORD-10892;25/02/2023;Felix Moreau;Consumer;Spain;Europe;Office Supplies;Sticky Notes Multicolor 6-Pack;2;806;15;137;1044;-399;Bank Transfer;1370,2;;;
ORD-11887;16/04/2024;Zara Chen;Corporate;Germany;Europe;Office Supplies;Tape Dispenser Heavy Duty;2;1028;10;185;1136;-211;Cash on Delivery;1850,4;;;
ORD-11995;05/04/2023;Jamal Ferrari;Consumer;India;Asia Pacific;Office Supplies;Binder Clips Assorted 48pc;2;1265;15;215;1232;-221;PayPal;2150,5;;;
ORD-10974;03/06/2025;Chen Rossi;Home Office;Canada;North America;Office Supplies;Premium Notebook Set A5;1;1167;10;105;616;-91;Credit Card;1050,3;;;
ORD-11430;04/02/2023;Karen Martinez;Home Office;Colombia;South America;Office Supplies;Paper Clips Box 500pc;1;478;10;43;1184;-969;Bank Transfer;430,2;;;
